Created by PLY version 3.11 (http://www.dabeaz.com/ply)

Unused terminals:

    RETORNAR
    SINO

Grammar

Rule 0     S' -> programa
Rule 1     programa -> INICIO bloque_codigo FIN
Rule 2     programa -> ID bloque_codigo FIN
Rule 3     bloque_codigo -> LLAVE_A lista_declaraciones LLAVE_C
Rule 4     bloque_codigo -> LLAVE_A lista_declaraciones error
Rule 5     lista_declaraciones -> lista_declaraciones declaracion
Rule 6     lista_declaraciones -> lista_declaraciones control
Rule 7     lista_declaraciones -> lista_declaraciones dispositivo
Rule 8     lista_declaraciones -> lista_declaraciones funcion
Rule 9     lista_declaraciones -> declaracion
Rule 10    lista_declaraciones -> control
Rule 11    lista_declaraciones -> dispositivo
Rule 12    lista_declaraciones -> funcion
Rule 13    declaracion -> IMPRIMIR PARENTESIS_A expresion PARENTESIS_B PUNTOCOMA
Rule 14    declaracion -> RETRASO PARENTESIS_A expresion PARENTESIS_B PUNTOCOMA
Rule 15    declaracion -> tipo ID PUNTOCOMA
Rule 16    declaracion -> tipo ID ASIGNACION expresion PUNTOCOMA
Rule 17    declaracion -> tipo ID CORCHETE_A NUMERO CORCHETE_B PUNTOCOMA
Rule 18    declaracion -> ID CORCHETE_A NUMERO CORCHETE_B ASIGNACION expresion PUNTOCOMA
Rule 19    declaracion -> tipo ID ASIGNACION error PUNTOCOMA
Rule 20    declaracion -> ID PARENTESIS_A argumentos PARENTESIS_B PUNTOCOMA
Rule 21    tipo -> ENTERO
Rule 22    tipo -> REAL_TIPO
Rule 23    tipo -> BOOLEANO
Rule 24    tipo -> CADENA_TIPO
Rule 25    control -> si
Rule 26    control -> mientras
Rule 27    control -> para
Rule 28    control -> romper
Rule 29    si -> SI PARENTESIS_A expresion PARENTESIS_B bloque_codigo
Rule 30    si -> SI PARENTESIS_A expresion PARENTESIS_B bloque_codigo ID bloque_codigo
Rule 31    mientras -> MIENTRAS PARENTESIS_A expresion PARENTESIS_B bloque_codigo
Rule 32    para -> PARA PARENTESIS_A asignacion_para PUNTOCOMA expresion PUNTOCOMA actualizacion_para PARENTESIS_B bloque_codigo
Rule 33    asignacion_para -> tipo ID ASIGNACION expresion
Rule 34    asignacion_para -> ID ASIGNACION expresion
Rule 35    actualizacion_para -> ID ASIGNACION expresion
Rule 36    actualizacion_para -> ID MASMAS
Rule 37    actualizacion_para -> ID MENOSMENOS
Rule 38    funcion -> FUNC ID PARENTESIS_A parametros PARENTESIS_B bloque_codigo
Rule 39    parametros -> parametro
Rule 40    parametros -> parametro COMA parametros
Rule 41    parametros -> empty
Rule 42    parametro -> tipo ID
Rule 43    dispositivo -> definir_dispositivo
Rule 44    dispositivo -> accion_dispositivo
Rule 45    tipo_dispositivo -> SERVO
Rule 46    tipo_dispositivo -> LED
Rule 47    tipo_dispositivo -> MOTOR
Rule 48    tipo_dispositivo -> SENSOR
Rule 49    tipo_dispositivo -> BUZZER
Rule 50    tipo_dispositivo -> SENSOR_ULTRASONICO
Rule 51    tipo_dispositivo -> SENSOR_COLOR
Rule 52    tipo_dispositivo -> SENSOR_TOQUE
Rule 53    tipo_dispositivo -> SENSOR_GIRO
Rule 54    tipo_dispositivo -> RCX
Rule 55    tipo_dispositivo -> NXT
Rule 56    tipo_dispositivo -> EV3
Rule 57    tipo_dispositivo -> HUB_SPIKE_PRIME
Rule 58    tipo_dispositivo -> HUB_SPIKE_ESSENTIAL
Rule 59    tipo_dispositivo -> HUB_ROBOT_INVENTOR
Rule 60    tipo_dispositivo -> HUB_TECHNIC_LARGE
Rule 61    tipo_dispositivo -> HUB_POWERED_UP
Rule 62    tipo_dispositivo -> MOTOR_SERVO_GRANDE_EV3
Rule 63    tipo_dispositivo -> MOTOR_SERVO_MEDIANO_EV3
Rule 64    tipo_dispositivo -> SERVOMOTOR_NXT
Rule 65    tipo_dispositivo -> MOTOR_ANGULAR_GRANDE
Rule 66    tipo_dispositivo -> MOTOR_ANGULAR_MEDIANO
Rule 67    tipo_dispositivo -> MOTOR_POWERED_UP_BOOST
Rule 68    tipo_dispositivo -> MOTOR_POWERED_UP
Rule 69    tipo_dispositivo -> MOTOR_BOOST
Rule 70    definir_dispositivo -> tipo_dispositivo ID ASIGNACION objeto_dispositivo PUNTOCOMA
Rule 71    objeto_dispositivo -> LLAVE_A lista_atributos LLAVE_C
Rule 72    lista_atributos -> lista_atributos COMA atributo
Rule 73    lista_atributos -> atributo
Rule 74    atributo -> ID ASIGNACION expresion
Rule 75    accion_dispositivo -> ID FLECHA accion PARENTESIS_A expresion_opt PARENTESIS_B PUNTOCOMA
Rule 76    accion -> ENCENDER
Rule 77    accion -> APAGAR
Rule 78    accion -> VALOR
Rule 79    accion -> GIRARSERVO
Rule 80    accion -> GIRARMOTOR
Rule 81    expresion_opt -> expresion
Rule 82    expresion_opt -> empty
Rule 83    expresion -> expresion op_binario expresion
Rule 84    expresion -> op_unario expresion
Rule 85    expresion -> PARENTESIS_A expresion PARENTESIS_B
Rule 86    expresion -> ID FLECHA VALOR PARENTESIS_A expresion_opt PARENTESIS_B
Rule 87    expresion -> ID
Rule 88    expresion -> ID CORCHETE_A NUMERO CORCHETE_B
Rule 89    expresion -> NUMERO
Rule 90    expresion -> REAL
Rule 91    expresion -> CADENA_TEXTO
Rule 92    expresion -> TRUE
Rule 93    expresion -> FALSE
Rule 94    argumentos -> expresion
Rule 95    argumentos -> expresion COMA argumentos
Rule 96    argumentos -> empty
Rule 97    op_binario -> SUMA
Rule 98    op_binario -> RESTA
Rule 99    op_binario -> MULTIPLICACION
Rule 100   op_binario -> DIVISION
Rule 101   op_binario -> MODULO
Rule 102   op_binario -> IGUAL
Rule 103   op_binario -> DIFERENTE
Rule 104   op_binario -> MENORQUE
Rule 105   op_binario -> MAYORQUE
Rule 106   op_binario -> MENORIGUAL
Rule 107   op_binario -> MAYORIGUAL
Rule 108   op_binario -> AND
Rule 109   op_binario -> OR
Rule 110   op_unario -> NOT
Rule 111   op_unario -> RESTA
Rule 112   romper -> ROMPER PUNTOCOMA
Rule 113   empty -> <empty>

Terminals, with rules where they appear

AND                  : 108
APAGAR               : 77
ASIGNACION           : 16 18 19 33 34 35 70 74
BOOLEANO             : 23
BUZZER               : 49
CADENA_TEXTO         : 91
CADENA_TIPO          : 24
COMA                 : 40 72 95
CORCHETE_A           : 17 18 88
CORCHETE_B           : 17 18 88
DIFERENTE            : 103
DIVISION             : 100
ENCENDER             : 76
ENTERO               : 21
EV3                  : 56
FALSE                : 93
FIN                  : 1 2
FLECHA               : 75 86
FUNC                 : 38
GIRARMOTOR           : 80
GIRARSERVO           : 79
HUB_POWERED_UP       : 61
HUB_ROBOT_INVENTOR   : 59
HUB_SPIKE_ESSENTIAL  : 58
HUB_SPIKE_PRIME      : 57
HUB_TECHNIC_LARGE    : 60
ID                   : 2 15 16 17 18 19 20 30 33 34 35 36 37 38 42 70 74 75 86 87 88
IGUAL                : 102
IMPRIMIR             : 13
INICIO               : 1
LED                  : 46
LLAVE_A              : 3 4 71
LLAVE_C              : 3 71
MASMAS               : 36
MAYORIGUAL           : 107
MAYORQUE             : 105
MENORIGUAL           : 106
MENORQUE             : 104
MENOSMENOS           : 37
MIENTRAS             : 31
MODULO               : 101
MOTOR                : 47
MOTOR_ANGULAR_GRANDE : 65
MOTOR_ANGULAR_MEDIANO : 66
MOTOR_BOOST          : 69
MOTOR_POWERED_UP     : 68
MOTOR_POWERED_UP_BOOST : 67
MOTOR_SERVO_GRANDE_EV3 : 62
MOTOR_SERVO_MEDIANO_EV3 : 63
MULTIPLICACION       : 99
NOT                  : 110
NUMERO               : 17 18 88 89
NXT                  : 55
OR                   : 109
PARA                 : 32
PARENTESIS_A         : 13 14 20 29 30 31 32 38 75 85 86
PARENTESIS_B         : 13 14 20 29 30 31 32 38 75 85 86
PUNTOCOMA            : 13 14 15 16 17 18 19 20 32 32 70 75 112
RCX                  : 54
REAL                 : 90
REAL_TIPO            : 22
RESTA                : 98 111
RETORNAR             : 
RETRASO              : 14
ROMPER               : 112
SENSOR               : 48
SENSOR_COLOR         : 51
SENSOR_GIRO          : 53
SENSOR_TOQUE         : 52
SENSOR_ULTRASONICO   : 50
SERVO                : 45
SERVOMOTOR_NXT       : 64
SI                   : 29 30
SINO                 : 
SUMA                 : 97
TRUE                 : 92
VALOR                : 78 86
error                : 4 19

Nonterminals, with rules where they appear

accion               : 75
accion_dispositivo   : 44
actualizacion_para   : 32
argumentos           : 20 95
asignacion_para      : 32
atributo             : 72 73
bloque_codigo        : 1 2 29 30 30 31 32 38
control              : 6 10
declaracion          : 5 9
definir_dispositivo  : 43
dispositivo          : 7 11
empty                : 41 82 96
expresion            : 13 14 16 18 29 30 31 32 33 34 35 74 81 83 83 84 85 94 95
expresion_opt        : 75 86
funcion              : 8 12
lista_atributos      : 71 72
lista_declaraciones  : 3 4 5 6 7 8
mientras             : 26
objeto_dispositivo   : 70
op_binario           : 83
op_unario            : 84
para                 : 27
parametro            : 39 40
parametros           : 38 40
programa             : 0
romper               : 28
si                   : 25
tipo                 : 15 16 17 19 33 42
tipo_dispositivo     : 70

Parsing method: LALR

state 0

    (0) S' -> . programa
    (1) programa -> . INICIO bloque_codigo FIN
    (2) programa -> . ID bloque_codigo FIN

    INICIO          shift and go to state 2
    ID              shift and go to state 3

    programa                       shift and go to state 1

state 1

    (0) S' -> programa .



state 2

    (1) programa -> INICIO . bloque_codigo FIN
    (3) bloque_codigo -> . LLAVE_A lista_declaraciones LLAVE_C
    (4) bloque_codigo -> . LLAVE_A lista_declaraciones error

    LLAVE_A         shift and go to state 5

    bloque_codigo                  shift and go to state 4

state 3

    (2) programa -> ID . bloque_codigo FIN
    (3) bloque_codigo -> . LLAVE_A lista_declaraciones LLAVE_C
    (4) bloque_codigo -> . LLAVE_A lista_declaraciones error

    LLAVE_A         shift and go to state 5

    bloque_codigo                  shift and go to state 6

state 4

    (1) programa -> INICIO bloque_codigo . FIN

    FIN             shift and go to state 7


state 5

    (3) bloque_codigo -> LLAVE_A . lista_declaraciones LLAVE_C
    (4) bloque_codigo -> LLAVE_A . lista_declaraciones error
    (5) lista_declaraciones -> . lista_declaraciones declaracion
    (6) lista_declaraciones -> . lista_declaraciones control
    (7) lista_declaraciones -> . lista_declaraciones dispositivo
    (8) lista_declaraciones -> . lista_declaraciones funcion
    (9) lista_declaraciones -> . declaracion
    (10) lista_declaraciones -> . control
    (11) lista_declaraciones -> . dispositivo
    (12) lista_declaraciones -> . funcion
    (13) declaracion -> . IMPRIMIR PARENTESIS_A expresion PARENTESIS_B PUNTOCOMA
    (14) declaracion -> . RETRASO PARENTESIS_A expresion PARENTESIS_B PUNTOCOMA
    (15) declaracion -> . tipo ID PUNTOCOMA
    (16) declaracion -> . tipo ID ASIGNACION expresion PUNTOCOMA
    (17) declaracion -> . tipo ID CORCHETE_A NUMERO CORCHETE_B PUNTOCOMA
    (18) declaracion -> . ID CORCHETE_A NUMERO CORCHETE_B ASIGNACION expresion PUNTOCOMA
    (19) declaracion -> . tipo ID ASIGNACION error PUNTOCOMA
    (20) declaracion -> . ID PARENTESIS_A argumentos PARENTESIS_B PUNTOCOMA
    (25) control -> . si
    (26) control -> . mientras
    (27) control -> . para
    (28) control -> . romper
    (43) dispositivo -> . definir_dispositivo
    (44) dispositivo -> . accion_dispositivo
    (38) funcion -> . FUNC ID PARENTESIS_A parametros PARENTESIS_B bloque_codigo
    (21) tipo -> . ENTERO
    (22) tipo -> . REAL_TIPO
    (23) tipo -> . BOOLEANO
    (24) tipo -> . CADENA_TIPO
    (29) si -> . SI PARENTESIS_A expresion PARENTESIS_B bloque_codigo
    (30) si -> . SI PARENTESIS_A expresion PARENTESIS_B bloque_codigo ID bloque_codigo
    (31) mientras -> . MIENTRAS PARENTESIS_A expresion PARENTESIS_B bloque_codigo
    (32) para -> . PARA PARENTESIS_A asignacion_para PUNTOCOMA expresion PUNTOCOMA actualizacion_para PARENTESIS_B bloque_codigo
    (112) romper -> . ROMPER PUNTOCOMA
    (70) definir_dispositivo -> . tipo_dispositivo ID ASIGNACION objeto_dispositivo PUNTOCOMA
    (75) accion_dispositivo -> . ID FLECHA accion PARENTESIS_A expresion_opt PARENTESIS_B PUNTOCOMA
    (45) tipo_dispositivo -> . SERVO
    (46) tipo_dispositivo -> . LED
    (47) tipo_dispositivo -> . MOTOR
    (48) tipo_dispositivo -> . SENSOR
    (49) tipo_dispositivo -> . BUZZER
    (50) tipo_dispositivo -> . SENSOR_ULTRASONICO
    (51) tipo_dispositivo -> . SENSOR_COLOR
    (52) tipo_dispositivo -> . SENSOR_TOQUE
    (53) tipo_dispositivo -> . SENSOR_GIRO
    (54) tipo_dispositivo -> . RCX
    (55) tipo_dispositivo -> . NXT
    (56) tipo_dispositivo -> . EV3
    (57) tipo_dispositivo -> . HUB_SPIKE_PRIME
    (58) tipo_dispositivo -> . HUB_SPIKE_ESSENTIAL
    (59) tipo_dispositivo -> . HUB_ROBOT_INVENTOR
    (60) tipo_dispositivo -> . HUB_TECHNIC_LARGE
    (61) tipo_dispositivo -> . HUB_POWERED_UP
    (62) tipo_dispositivo -> . MOTOR_SERVO_GRANDE_EV3
    (63) tipo_dispositivo -> . MOTOR_SERVO_MEDIANO_EV3
    (64) tipo_dispositivo -> . SERVOMOTOR_NXT
    (65) tipo_dispositivo -> . MOTOR_ANGULAR_GRANDE
    (66) tipo_dispositivo -> . MOTOR_ANGULAR_MEDIANO
    (67) tipo_dispositivo -> . MOTOR_POWERED_UP_BOOST
    (68) tipo_dispositivo -> . MOTOR_POWERED_UP
    (69) tipo_dispositivo -> . MOTOR_BOOST

    IMPRIMIR        shift and go to state 13
    RETRASO         shift and go to state 14
    ID              shift and go to state 16
    FUNC            shift and go to state 23
    ENTERO          shift and go to state 24
    REAL_TIPO       shift and go to state 25
    BOOLEANO        shift and go to state 26
    CADENA_TIPO     shift and go to state 27
    SI              shift and go to state 28
    MIENTRAS        shift and go to state 29
    PARA            shift and go to state 30
    ROMPER          shift and go to state 31
    SERVO           shift and go to state 33
    LED             shift and go to state 34
    MOTOR           shift and go to state 35
    SENSOR          shift and go to state 36
    BUZZER          shift and go to state 37
    SENSOR_ULTRASONICO shift and go to state 38
    SENSOR_COLOR    shift and go to state 39
    SENSOR_TOQUE    shift and go to state 40
    SENSOR_GIRO     shift and go to state 41
    RCX             shift and go to state 42
    NXT             shift and go to state 43
    EV3             shift and go to state 44
    HUB_SPIKE_PRIME shift and go to state 45
    HUB_SPIKE_ESSENTIAL shift and go to state 46
    HUB_ROBOT_INVENTOR shift and go to state 47
    HUB_TECHNIC_LARGE shift and go to state 48
    HUB_POWERED_UP  shift and go to state 49
    MOTOR_SERVO_GRANDE_EV3 shift and go to state 50
    MOTOR_SERVO_MEDIANO_EV3 shift and go to state 51
    SERVOMOTOR_NXT  shift and go to state 52
    MOTOR_ANGULAR_GRANDE shift and go to state 53
    MOTOR_ANGULAR_MEDIANO shift and go to state 54
    MOTOR_POWERED_UP_BOOST shift and go to state 55
    MOTOR_POWERED_UP shift and go to state 56
    MOTOR_BOOST     shift and go to state 57

    lista_declaraciones            shift and go to state 8
    declaracion                    shift and go to state 9
    control                        shift and go to state 10
    dispositivo                    shift and go to state 11
    funcion                        shift and go to state 12
    tipo                           shift and go to state 15
    si                             shift and go to state 17
    mientras                       shift and go to state 18
    para                           shift and go to state 19
    romper                         shift and go to state 20
    definir_dispositivo            shift and go to state 21
    accion_dispositivo             shift and go to state 22
    tipo_dispositivo               shift and go to state 32

state 6

    (2) programa -> ID bloque_codigo . FIN

    FIN             shift and go to state 58


state 7

    (1) programa -> INICIO bloque_codigo FIN .

    $end            reduce using rule 1 (programa -> INICIO bloque_codigo FIN .)


state 8

    (3) bloque_codigo -> LLAVE_A lista_declaraciones . LLAVE_C
    (4) bloque_codigo -> LLAVE_A lista_declaraciones . error
    (5) lista_declaraciones -> lista_declaraciones . declaracion
    (6) lista_declaraciones -> lista_declaraciones . control
    (7) lista_declaraciones -> lista_declaraciones . dispositivo
    (8) lista_declaraciones -> lista_declaraciones . funcion
    (13) declaracion -> . IMPRIMIR PARENTESIS_A expresion PARENTESIS_B PUNTOCOMA
    (14) declaracion -> . RETRASO PARENTESIS_A expresion PARENTESIS_B PUNTOCOMA
    (15) declaracion -> . tipo ID PUNTOCOMA
    (16) declaracion -> . tipo ID ASIGNACION expresion PUNTOCOMA
    (17) declaracion -> . tipo ID CORCHETE_A NUMERO CORCHETE_B PUNTOCOMA
    (18) declaracion -> . ID CORCHETE_A NUMERO CORCHETE_B ASIGNACION expresion PUNTOCOMA
    (19) declaracion -> . tipo ID ASIGNACION error PUNTOCOMA
    (20) declaracion -> . ID PARENTESIS_A argumentos PARENTESIS_B PUNTOCOMA
    (25) control -> . si
    (26) control -> . mientras
    (27) control -> . para
    (28) control -> . romper
    (43) dispositivo -> . definir_dispositivo
    (44) dispositivo -> . accion_dispositivo
    (38) funcion -> . FUNC ID PARENTESIS_A parametros PARENTESIS_B bloque_codigo
    (21) tipo -> . ENTERO
    (22) tipo -> . REAL_TIPO
    (23) tipo -> . BOOLEANO
    (24) tipo -> . CADENA_TIPO
    (29) si -> . SI PARENTESIS_A expresion PARENTESIS_B bloque_codigo
    (30) si -> . SI PARENTESIS_A expresion PARENTESIS_B bloque_codigo ID bloque_codigo
    (31) mientras -> . MIENTRAS PARENTESIS_A expresion PARENTESIS_B bloque_codigo
    (32) para -> . PARA PARENTESIS_A asignacion_para PUNTOCOMA expresion PUNTOCOMA actualizacion_para PARENTESIS_B bloque_codigo
    (112) romper -> . ROMPER PUNTOCOMA
    (70) definir_dispositivo -> . tipo_dispositivo ID ASIGNACION objeto_dispositivo PUNTOCOMA
    (75) accion_dispositivo -> . ID FLECHA accion PARENTESIS_A expresion_opt PARENTESIS_B PUNTOCOMA
    (45) tipo_dispositivo -> . SERVO
    (46) tipo_dispositivo -> . LED
    (47) tipo_dispositivo -> . MOTOR
    (48) tipo_dispositivo -> . SENSOR
    (49) tipo_dispositivo -> . BUZZER
    (50) tipo_dispositivo -> . SENSOR_ULTRASONICO
    (51) tipo_dispositivo -> . SENSOR_COLOR
    (52) tipo_dispositivo -> . SENSOR_TOQUE
    (53) tipo_dispositivo -> . SENSOR_GIRO
    (54) tipo_dispositivo -> . RCX
    (55) tipo_dispositivo -> . NXT
    (56) tipo_dispositivo -> . EV3
    (57) tipo_dispositivo -> . HUB_SPIKE_PRIME
    (58) tipo_dispositivo -> . HUB_SPIKE_ESSENTIAL
    (59) tipo_dispositivo -> . HUB_ROBOT_INVENTOR
    (60) tipo_dispositivo -> . HUB_TECHNIC_LARGE
    (61) tipo_dispositivo -> . HUB_POWERED_UP
    (62) tipo_dispositivo -> . MOTOR_SERVO_GRANDE_EV3
    (63) tipo_dispositivo -> . MOTOR_SERVO_MEDIANO_EV3
    (64) tipo_dispositivo -> . SERVOMOTOR_NXT
    (65) tipo_dispositivo -> . MOTOR_ANGULAR_GRANDE
    (66) tipo_dispositivo -> . MOTOR_ANGULAR_MEDIANO
    (67) tipo_dispositivo -> . MOTOR_POWERED_UP_BOOST
    (68) tipo_dispositivo -> . MOTOR_POWERED_UP
    (69) tipo_dispositivo -> . MOTOR_BOOST

    LLAVE_C         shift and go to state 59
    error           shift and go to state 60
    IMPRIMIR        shift and go to state 13
    RETRASO         shift and go to state 14
    ID              shift and go to state 16
    FUNC            shift and go to state 23
    ENTERO          shift and go to state 24
    REAL_TIPO       shift and go to state 25
    BOOLEANO        shift and go to state 26
    CADENA_TIPO     shift and go to state 27
    SI              shift and go to state 28
    MIENTRAS        shift and go to state 29
    PARA            shift and go to state 30
    ROMPER          shift and go to state 31
    SERVO           shift and go to state 33
    LED             shift and go to state 34
    MOTOR           shift and go to state 35
    SENSOR          shift and go to state 36
    BUZZER          shift and go to state 37
    SENSOR_ULTRASONICO shift and go to state 38
    SENSOR_COLOR    shift and go to state 39
    SENSOR_TOQUE    shift and go to state 40
    SENSOR_GIRO     shift and go to state 41
    RCX             shift and go to state 42
    NXT             shift and go to state 43
    EV3             shift and go to state 44
    HUB_SPIKE_PRIME shift and go to state 45
    HUB_SPIKE_ESSENTIAL shift and go to state 46
    HUB_ROBOT_INVENTOR shift and go to state 47
    HUB_TECHNIC_LARGE shift and go to state 48
    HUB_POWERED_UP  shift and go to state 49
    MOTOR_SERVO_GRANDE_EV3 shift and go to state 50
    MOTOR_SERVO_MEDIANO_EV3 shift and go to state 51
    SERVOMOTOR_NXT  shift and go to state 52
    MOTOR_ANGULAR_GRANDE shift and go to state 53
    MOTOR_ANGULAR_MEDIANO shift and go to state 54
    MOTOR_POWERED_UP_BOOST shift and go to state 55
    MOTOR_POWERED_UP shift and go to state 56
    MOTOR_BOOST     shift and go to state 57

    declaracion                    shift and go to state 61
    control                        shift and go to state 62
    dispositivo                    shift and go to state 63
    funcion                        shift and go to state 64
    tipo                           shift and go to state 15
    si                             shift and go to state 17
    mientras                       shift and go to state 18
    para                           shift and go to state 19
    romper                         shift and go to state 20
    definir_dispositivo            shift and go to state 21
    accion_dispositivo             shift and go to state 22
    tipo_dispositivo               shift and go to state 32

state 9

    (9) lista_declaraciones -> declaracion .

    LLAVE_C         reduce using rule 9 (lista_declaraciones -> declaracion .)
    error           reduce using rule 9 (lista_declaraciones -> declaracion .)
    IMPRIMIR        reduce using rule 9 (lista_declaraciones -> declaracion .)
    RETRASO         reduce using rule 9 (lista_declaraciones -> declaracion .)
    ID              reduce using rule 9 (lista_declaraciones -> declaracion .)
    FUNC            reduce using rule 9 (lista_declaraciones -> declaracion .)
    ENTERO          reduce using rule 9 (lista_declaraciones -> declaracion .)
    REAL_TIPO       reduce using rule 9 (lista_declaraciones -> declaracion .)
    BOOLEANO        reduce using rule 9 (lista_declaraciones -> declaracion .)
    CADENA_TIPO     reduce using rule 9 (lista_declaraciones -> declaracion .)
    SI              reduce using rule 9 (lista_declaraciones -> declaracion .)
    MIENTRAS        reduce using rule 9 (lista_declaraciones -> declaracion .)
    PARA            reduce using rule 9 (lista_declaraciones -> declaracion .)
    ROMPER          reduce using rule 9 (lista_declaraciones -> declaracion .)
    SERVO           reduce using rule 9 (lista_declaraciones -> declaracion .)
    LED             reduce using rule 9 (lista_declaraciones -> declaracion .)
    MOTOR           reduce using rule 9 (lista_declaraciones -> declaracion .)
    SENSOR          reduce using rule 9 (lista_declaraciones -> declaracion .)
    BUZZER          reduce using rule 9 (lista_declaraciones -> declaracion .)
    SENSOR_ULTRASONICO reduce using rule 9 (lista_declaraciones -> declaracion .)
    SENSOR_COLOR    reduce using rule 9 (lista_declaraciones -> declaracion .)
    SENSOR_TOQUE    reduce using rule 9 (lista_declaraciones -> declaracion .)
    SENSOR_GIRO     reduce using rule 9 (lista_declaraciones -> declaracion .)
    RCX             reduce using rule 9 (lista_declaraciones -> declaracion .)
    NXT             reduce using rule 9 (lista_declaraciones -> declaracion .)
    EV3             reduce using rule 9 (lista_declaraciones -> declaracion .)
    HUB_SPIKE_PRIME reduce using rule 9 (lista_declaraciones -> declaracion .)
    HUB_SPIKE_ESSENTIAL reduce using rule 9 (lista_declaraciones -> declaracion .)
    HUB_ROBOT_INVENTOR reduce using rule 9 (lista_declaraciones -> declaracion .)
    HUB_TECHNIC_LARGE reduce using rule 9 (lista_declaraciones -> declaracion .)
    HUB_POWERED_UP  reduce using rule 9 (lista_declaraciones -> declaracion .)
    MOTOR_SERVO_GRANDE_EV3 reduce using rule 9 (lista_declaraciones -> declaracion .)
    MOTOR_SERVO_MEDIANO_EV3 reduce using rule 9 (lista_declaraciones -> declaracion .)
    SERVOMOTOR_NXT  reduce using rule 9 (lista_declaraciones -> declaracion .)
    MOTOR_ANGULAR_GRANDE reduce using rule 9 (lista_declaraciones -> declaracion .)
    MOTOR_ANGULAR_MEDIANO reduce using rule 9 (lista_declaraciones -> declaracion .)
    MOTOR_POWERED_UP_BOOST reduce using rule 9 (lista_declaraciones -> declaracion .)
    MOTOR_POWERED_UP reduce using rule 9 (lista_declaraciones -> declaracion .)
    MOTOR_BOOST     reduce using rule 9 (lista_declaraciones -> declaracion .)


state 10

    (10) lista_declaraciones -> control .

    LLAVE_C         reduce using rule 10 (lista_declaraciones -> control .)
    error           reduce using rule 10 (lista_declaraciones -> control .)
    IMPRIMIR        reduce using rule 10 (lista_declaraciones -> control .)
    RETRASO         reduce using rule 10 (lista_declaraciones -> control .)
    ID              reduce using rule 10 (lista_declaraciones -> control .)
    FUNC            reduce using rule 10 (lista_declaraciones -> control .)
    ENTERO          reduce using rule 10 (lista_declaraciones -> control .)
    REAL_TIPO       reduce using rule 10 (lista_declaraciones -> control .)
    BOOLEANO        reduce using rule 10 (lista_declaraciones -> control .)
    CADENA_TIPO     reduce using rule 10 (lista_declaraciones -> control .)
    SI              reduce using rule 10 (lista_declaraciones -> control .)
    MIENTRAS        reduce using rule 10 (lista_declaraciones -> control .)
    PARA            reduce using rule 10 (lista_declaraciones -> control .)
    ROMPER          reduce using rule 10 (lista_declaraciones -> control .)
    SERVO           reduce using rule 10 (lista_declaraciones -> control .)
    LED             reduce using rule 10 (lista_declaraciones -> control .)
    MOTOR           reduce using rule 10 (lista_declaraciones -> control .)
    SENSOR          reduce using rule 10 (lista_declaraciones -> control .)
    BUZZER          reduce using rule 10 (lista_declaraciones -> control .)
    SENSOR_ULTRASONICO reduce using rule 10 (lista_declaraciones -> control .)
    SENSOR_COLOR    reduce using rule 10 (lista_declaraciones -> control .)
    SENSOR_TOQUE    reduce using rule 10 (lista_declaraciones -> control .)
    SENSOR_GIRO     reduce using rule 10 (lista_declaraciones -> control .)
    RCX             reduce using rule 10 (lista_declaraciones -> control .)
    NXT             reduce using rule 10 (lista_declaraciones -> control .)
    EV3             reduce using rule 10 (lista_declaraciones -> control .)
    HUB_SPIKE_PRIME reduce using rule 10 (lista_declaraciones -> control .)
    HUB_SPIKE_ESSENTIAL reduce using rule 10 (lista_declaraciones -> control .)
    HUB_ROBOT_INVENTOR reduce using rule 10 (lista_declaraciones -> control .)
    HUB_TECHNIC_LARGE reduce using rule 10 (lista_declaraciones -> control .)
    HUB_POWERED_UP  reduce using rule 10 (lista_declaraciones -> control .)
    MOTOR_SERVO_GRANDE_EV3 reduce using rule 10 (lista_declaraciones -> control .)
    MOTOR_SERVO_MEDIANO_EV3 reduce using rule 10 (lista_declaraciones -> control .)
    SERVOMOTOR_NXT  reduce using rule 10 (lista_declaraciones -> control .)
    MOTOR_ANGULAR_GRANDE reduce using rule 10 (lista_declaraciones -> control .)
    MOTOR_ANGULAR_MEDIANO reduce using rule 10 (lista_declaraciones -> control .)
    MOTOR_POWERED_UP_BOOST reduce using rule 10 (lista_declaraciones -> control .)
    MOTOR_POWERED_UP reduce using rule 10 (lista_declaraciones -> control .)
    MOTOR_BOOST     reduce using rule 10 (lista_declaraciones -> control .)


state 11

    (11) lista_declaraciones -> dispositivo .

    LLAVE_C         reduce using rule 11 (lista_declaraciones -> dispositivo .)
    error           reduce using rule 11 (lista_declaraciones -> dispositivo .)
    IMPRIMIR        reduce using rule 11 (lista_declaraciones -> dispositivo .)
    RETRASO         reduce using rule 11 (lista_declaraciones -> dispositivo .)
    ID              reduce using rule 11 (lista_declaraciones -> dispositivo .)
    FUNC            reduce using rule 11 (lista_declaraciones -> dispositivo .)
    ENTERO          reduce using rule 11 (lista_declaraciones -> dispositivo .)
    REAL_TIPO       reduce using rule 11 (lista_declaraciones -> dispositivo .)
    BOOLEANO        reduce using rule 11 (lista_declaraciones -> dispositivo .)
    CADENA_TIPO     reduce using rule 11 (lista_declaraciones -> dispositivo .)
    SI              reduce using rule 11 (lista_declaraciones -> dispositivo .)
    MIENTRAS        reduce using rule 11 (lista_declaraciones -> dispositivo .)
    PARA            reduce using rule 11 (lista_declaraciones -> dispositivo .)
    ROMPER          reduce using rule 11 (lista_declaraciones -> dispositivo .)
    SERVO           reduce using rule 11 (lista_declaraciones -> dispositivo .)
    LED             reduce using rule 11 (lista_declaraciones -> dispositivo .)
    MOTOR           reduce using rule 11 (lista_declaraciones -> dispositivo .)
    SENSOR          reduce using rule 11 (lista_declaraciones -> dispositivo .)
    BUZZER          reduce using rule 11 (lista_declaraciones -> dispositivo .)
    SENSOR_ULTRASONICO reduce using rule 11 (lista_declaraciones -> dispositivo .)
    SENSOR_COLOR    reduce using rule 11 (lista_declaraciones -> dispositivo .)
    SENSOR_TOQUE    reduce using rule 11 (lista_declaraciones -> dispositivo .)
    SENSOR_GIRO     reduce using rule 11 (lista_declaraciones -> dispositivo .)
    RCX             reduce using rule 11 (lista_declaraciones -> dispositivo .)
    NXT             reduce using rule 11 (lista_declaraciones -> dispositivo .)
    EV3             reduce using rule 11 (lista_declaraciones -> dispositivo .)
    HUB_SPIKE_PRIME reduce using rule 11 (lista_declaraciones -> dispositivo .)
    HUB_SPIKE_ESSENTIAL reduce using rule 11 (lista_declaraciones -> dispositivo .)
    HUB_ROBOT_INVENTOR reduce using rule 11 (lista_declaraciones -> dispositivo .)
    HUB_TECHNIC_LARGE reduce using rule 11 (lista_declaraciones -> dispositivo .)
    HUB_POWERED_UP  reduce using rule 11 (lista_declaraciones -> dispositivo .)
    MOTOR_SERVO_GRANDE_EV3 reduce using rule 11 (lista_declaraciones -> dispositivo .)
    MOTOR_SERVO_MEDIANO_EV3 reduce using rule 11 (lista_declaraciones -> dispositivo .)
    SERVOMOTOR_NXT  reduce using rule 11 (lista_declaraciones -> dispositivo .)
    MOTOR_ANGULAR_GRANDE reduce using rule 11 (lista_declaraciones -> dispositivo .)
    MOTOR_ANGULAR_MEDIANO reduce using rule 11 (lista_declaraciones -> dispositivo .)
    MOTOR_POWERED_UP_BOOST reduce using rule 11 (lista_declaraciones -> dispositivo .)
    MOTOR_POWERED_UP reduce using rule 11 (lista_declaraciones -> dispositivo .)
    MOTOR_BOOST     reduce using rule 11 (lista_declaraciones -> dispositivo .)


state 12

    (12) lista_declaraciones -> funcion .

    LLAVE_C         reduce using rule 12 (lista_declaraciones -> funcion .)
    error           reduce using rule 12 (lista_declaraciones -> funcion .)
    IMPRIMIR        reduce using rule 12 (lista_declaraciones -> funcion .)
    RETRASO         reduce using rule 12 (lista_declaraciones -> funcion .)
    ID              reduce using rule 12 (lista_declaraciones -> funcion .)
    FUNC            reduce using rule 12 (lista_declaraciones -> funcion .)
    ENTERO          reduce using rule 12 (lista_declaraciones -> funcion .)
    REAL_TIPO       reduce using rule 12 (lista_declaraciones -> funcion .)
    BOOLEANO        reduce using rule 12 (lista_declaraciones -> funcion .)
    CADENA_TIPO     reduce using rule 12 (lista_declaraciones -> funcion .)
    SI              reduce using rule 12 (lista_declaraciones -> funcion .)
    MIENTRAS        reduce using rule 12 (lista_declaraciones -> funcion .)
    PARA            reduce using rule 12 (lista_declaraciones -> funcion .)
    ROMPER          reduce using rule 12 (lista_declaraciones -> funcion .)
    SERVO           reduce using rule 12 (lista_declaraciones -> funcion .)
    LED             reduce using rule 12 (lista_declaraciones -> funcion .)
    MOTOR           reduce using rule 12 (lista_declaraciones -> funcion .)
    SENSOR          reduce using rule 12 (lista_declaraciones -> funcion .)
    BUZZER          reduce using rule 12 (lista_declaraciones -> funcion .)
    SENSOR_ULTRASONICO reduce using rule 12 (lista_declaraciones -> funcion .)
    SENSOR_COLOR    reduce using rule 12 (lista_declaraciones -> funcion .)
    SENSOR_TOQUE    reduce using rule 12 (lista_declaraciones -> funcion .)
    SENSOR_GIRO     reduce using rule 12 (lista_declaraciones -> funcion .)
    RCX             reduce using rule 12 (lista_declaraciones -> funcion .)
    NXT             reduce using rule 12 (lista_declaraciones -> funcion .)
    EV3             reduce using rule 12 (lista_declaraciones -> funcion .)
    HUB_SPIKE_PRIME reduce using rule 12 (lista_declaraciones -> funcion .)
    HUB_SPIKE_ESSENTIAL reduce using rule 12 (lista_declaraciones -> funcion .)
    HUB_ROBOT_INVENTOR reduce using rule 12 (lista_declaraciones -> funcion .)
    HUB_TECHNIC_LARGE reduce using rule 12 (lista_declaraciones -> funcion .)
    HUB_POWERED_UP  reduce using rule 12 (lista_declaraciones -> funcion .)
    MOTOR_SERVO_GRANDE_EV3 reduce using rule 12 (lista_declaraciones -> funcion .)
    MOTOR_SERVO_MEDIANO_EV3 reduce using rule 12 (lista_declaraciones -> funcion .)
    SERVOMOTOR_NXT  reduce using rule 12 (lista_declaraciones -> funcion .)
    MOTOR_ANGULAR_GRANDE reduce using rule 12 (lista_declaraciones -> funcion .)
    MOTOR_ANGULAR_MEDIANO reduce using rule 12 (lista_declaraciones -> funcion .)
    MOTOR_POWERED_UP_BOOST reduce using rule 12 (lista_declaraciones -> funcion .)
    MOTOR_POWERED_UP reduce using rule 12 (lista_declaraciones -> funcion .)
    MOTOR_BOOST     reduce using rule 12 (lista_declaraciones -> funcion .)


state 13

    (13) declaracion -> IMPRIMIR . PARENTESIS_A expresion PARENTESIS_B PUNTOCOMA

    PARENTESIS_A    shift and go to state 65


state 14

    (14) declaracion -> RETRASO . PARENTESIS_A expresion PARENTESIS_B PUNTOCOMA

    PARENTESIS_A    shift and go to state 66


state 15

    (15) declaracion -> tipo . ID PUNTOCOMA
    (16) declaracion -> tipo . ID ASIGNACION expresion PUNTOCOMA
    (17) declaracion -> tipo . ID CORCHETE_A NUMERO CORCHETE_B PUNTOCOMA
    (19) declaracion -> tipo . ID ASIGNACION error PUNTOCOMA

    ID              shift and go to state 67


state 16

    (18) declaracion -> ID . CORCHETE_A NUMERO CORCHETE_B ASIGNACION expresion PUNTOCOMA
    (20) declaracion -> ID . PARENTESIS_A argumentos PARENTESIS_B PUNTOCOMA
    (75) accion_dispositivo -> ID . FLECHA accion PARENTESIS_A expresion_opt PARENTESIS_B PUNTOCOMA

    CORCHETE_A      shift and go to state 68
    PARENTESIS_A    shift and go to state 69
    FLECHA          shift and go to state 70


state 17

    (25) control -> si .

    LLAVE_C         reduce using rule 25 (control -> si .)
    error           reduce using rule 25 (control -> si .)
    IMPRIMIR        reduce using rule 25 (control -> si .)
    RETRASO         reduce using rule 25 (control -> si .)
    ID              reduce using rule 25 (control -> si .)
    FUNC            reduce using rule 25 (control -> si .)
    ENTERO          reduce using rule 25 (control -> si .)
    REAL_TIPO       reduce using rule 25 (control -> si .)
    BOOLEANO        reduce using rule 25 (control -> si .)
    CADENA_TIPO     reduce using rule 25 (control -> si .)
    SI              reduce using rule 25 (control -> si .)
    MIENTRAS        reduce using rule 25 (control -> si .)
    PARA            reduce using rule 25 (control -> si .)
    ROMPER          reduce using rule 25 (control -> si .)
    SERVO           reduce using rule 25 (control -> si .)
    LED             reduce using rule 25 (control -> si .)
    MOTOR           reduce using rule 25 (control -> si .)
    SENSOR          reduce using rule 25 (control -> si .)
    BUZZER          reduce using rule 25 (control -> si .)
    SENSOR_ULTRASONICO reduce using rule 25 (control -> si .)
    SENSOR_COLOR    reduce using rule 25 (control -> si .)
    SENSOR_TOQUE    reduce using rule 25 (control -> si .)
    SENSOR_GIRO     reduce using rule 25 (control -> si .)
    RCX             reduce using rule 25 (control -> si .)
    NXT             reduce using rule 25 (control -> si .)
    EV3             reduce using rule 25 (control -> si .)
    HUB_SPIKE_PRIME reduce using rule 25 (control -> si .)
    HUB_SPIKE_ESSENTIAL reduce using rule 25 (control -> si .)
    HUB_ROBOT_INVENTOR reduce using rule 25 (control -> si .)
    HUB_TECHNIC_LARGE reduce using rule 25 (control -> si .)
    HUB_POWERED_UP  reduce using rule 25 (control -> si .)
    MOTOR_SERVO_GRANDE_EV3 reduce using rule 25 (control -> si .)
    MOTOR_SERVO_MEDIANO_EV3 reduce using rule 25 (control -> si .)
    SERVOMOTOR_NXT  reduce using rule 25 (control -> si .)
    MOTOR_ANGULAR_GRANDE reduce using rule 25 (control -> si .)
    MOTOR_ANGULAR_MEDIANO reduce using rule 25 (control -> si .)
    MOTOR_POWERED_UP_BOOST reduce using rule 25 (control -> si .)
    MOTOR_POWERED_UP reduce using rule 25 (control -> si .)
    MOTOR_BOOST     reduce using rule 25 (control -> si .)


state 18

    (26) control -> mientras .

    LLAVE_C         reduce using rule 26 (control -> mientras .)
    error           reduce using rule 26 (control -> mientras .)
    IMPRIMIR        reduce using rule 26 (control -> mientras .)
    RETRASO         reduce using rule 26 (control -> mientras .)
    ID              reduce using rule 26 (control -> mientras .)
    FUNC            reduce using rule 26 (control -> mientras .)
    ENTERO          reduce using rule 26 (control -> mientras .)
    REAL_TIPO       reduce using rule 26 (control -> mientras .)
    BOOLEANO        reduce using rule 26 (control -> mientras .)
    CADENA_TIPO     reduce using rule 26 (control -> mientras .)
    SI              reduce using rule 26 (control -> mientras .)
    MIENTRAS        reduce using rule 26 (control -> mientras .)
    PARA            reduce using rule 26 (control -> mientras .)
    ROMPER          reduce using rule 26 (control -> mientras .)
    SERVO           reduce using rule 26 (control -> mientras .)
    LED             reduce using rule 26 (control -> mientras .)
    MOTOR           reduce using rule 26 (control -> mientras .)
    SENSOR          reduce using rule 26 (control -> mientras .)
    BUZZER          reduce using rule 26 (control -> mientras .)
    SENSOR_ULTRASONICO reduce using rule 26 (control -> mientras .)
    SENSOR_COLOR    reduce using rule 26 (control -> mientras .)
    SENSOR_TOQUE    reduce using rule 26 (control -> mientras .)
    SENSOR_GIRO     reduce using rule 26 (control -> mientras .)
    RCX             reduce using rule 26 (control -> mientras .)
    NXT             reduce using rule 26 (control -> mientras .)
    EV3             reduce using rule 26 (control -> mientras .)
    HUB_SPIKE_PRIME reduce using rule 26 (control -> mientras .)
    HUB_SPIKE_ESSENTIAL reduce using rule 26 (control -> mientras .)
    HUB_ROBOT_INVENTOR reduce using rule 26 (control -> mientras .)
    HUB_TECHNIC_LARGE reduce using rule 26 (control -> mientras .)
    HUB_POWERED_UP  reduce using rule 26 (control -> mientras .)
    MOTOR_SERVO_GRANDE_EV3 reduce using rule 26 (control -> mientras .)
    MOTOR_SERVO_MEDIANO_EV3 reduce using rule 26 (control -> mientras .)
    SERVOMOTOR_NXT  reduce using rule 26 (control -> mientras .)
    MOTOR_ANGULAR_GRANDE reduce using rule 26 (control -> mientras .)
    MOTOR_ANGULAR_MEDIANO reduce using rule 26 (control -> mientras .)
    MOTOR_POWERED_UP_BOOST reduce using rule 26 (control -> mientras .)
    MOTOR_POWERED_UP reduce using rule 26 (control -> mientras .)
    MOTOR_BOOST     reduce using rule 26 (control -> mientras .)


state 19

    (27) control -> para .

    LLAVE_C         reduce using rule 27 (control -> para .)
    error           reduce using rule 27 (control -> para .)
    IMPRIMIR        reduce using rule 27 (control -> para .)
    RETRASO         reduce using rule 27 (control -> para .)
    ID              reduce using rule 27 (control -> para .)
    FUNC            reduce using rule 27 (control -> para .)
    ENTERO          reduce using rule 27 (control -> para .)
    REAL_TIPO       reduce using rule 27 (control -> para .)
    BOOLEANO        reduce using rule 27 (control -> para .)
    CADENA_TIPO     reduce using rule 27 (control -> para .)
    SI              reduce using rule 27 (control -> para .)
    MIENTRAS        reduce using rule 27 (control -> para .)
    PARA            reduce using rule 27 (control -> para .)
    ROMPER          reduce using rule 27 (control -> para .)
    SERVO           reduce using rule 27 (control -> para .)
    LED             reduce using rule 27 (control -> para .)
    MOTOR           reduce using rule 27 (control -> para .)
    SENSOR          reduce using rule 27 (control -> para .)
    BUZZER          reduce using rule 27 (control -> para .)
    SENSOR_ULTRASONICO reduce using rule 27 (control -> para .)
    SENSOR_COLOR    reduce using rule 27 (control -> para .)
    SENSOR_TOQUE    reduce using rule 27 (control -> para .)
    SENSOR_GIRO     reduce using rule 27 (control -> para .)
    RCX             reduce using rule 27 (control -> para .)
    NXT             reduce using rule 27 (control -> para .)
    EV3             reduce using rule 27 (control -> para .)
    HUB_SPIKE_PRIME reduce using rule 27 (control -> para .)
    HUB_SPIKE_ESSENTIAL reduce using rule 27 (control -> para .)
    HUB_ROBOT_INVENTOR reduce using rule 27 (control -> para .)
    HUB_TECHNIC_LARGE reduce using rule 27 (control -> para .)
    HUB_POWERED_UP  reduce using rule 27 (control -> para .)
    MOTOR_SERVO_GRANDE_EV3 reduce using rule 27 (control -> para .)
    MOTOR_SERVO_MEDIANO_EV3 reduce using rule 27 (control -> para .)
    SERVOMOTOR_NXT  reduce using rule 27 (control -> para .)
    MOTOR_ANGULAR_GRANDE reduce using rule 27 (control -> para .)
    MOTOR_ANGULAR_MEDIANO reduce using rule 27 (control -> para .)
    MOTOR_POWERED_UP_BOOST reduce using rule 27 (control -> para .)
    MOTOR_POWERED_UP reduce using rule 27 (control -> para .)
    MOTOR_BOOST     reduce using rule 27 (control -> para .)


state 20

    (28) control -> romper .

    LLAVE_C         reduce using rule 28 (control -> romper .)
    error           reduce using rule 28 (control -> romper .)
    IMPRIMIR        reduce using rule 28 (control -> romper .)
    RETRASO         reduce using rule 28 (control -> romper .)
    ID              reduce using rule 28 (control -> romper .)
    FUNC            reduce using rule 28 (control -> romper .)
    ENTERO          reduce using rule 28 (control -> romper .)
    REAL_TIPO       reduce using rule 28 (control -> romper .)
    BOOLEANO        reduce using rule 28 (control -> romper .)
    CADENA_TIPO     reduce using rule 28 (control -> romper .)
    SI              reduce using rule 28 (control -> romper .)
    MIENTRAS        reduce using rule 28 (control -> romper .)
    PARA            reduce using rule 28 (control -> romper .)
    ROMPER          reduce using rule 28 (control -> romper .)
    SERVO           reduce using rule 28 (control -> romper .)
    LED             reduce using rule 28 (control -> romper .)
    MOTOR           reduce using rule 28 (control -> romper .)
    SENSOR          reduce using rule 28 (control -> romper .)
    BUZZER          reduce using rule 28 (control -> romper .)
    SENSOR_ULTRASONICO reduce using rule 28 (control -> romper .)
    SENSOR_COLOR    reduce using rule 28 (control -> romper .)
    SENSOR_TOQUE    reduce using rule 28 (control -> romper .)
    SENSOR_GIRO     reduce using rule 28 (control -> romper .)
    RCX             reduce using rule 28 (control -> romper .)
    NXT             reduce using rule 28 (control -> romper .)
    EV3             reduce using rule 28 (control -> romper .)
    HUB_SPIKE_PRIME reduce using rule 28 (control -> romper .)
    HUB_SPIKE_ESSENTIAL reduce using rule 28 (control -> romper .)
    HUB_ROBOT_INVENTOR reduce using rule 28 (control -> romper .)
    HUB_TECHNIC_LARGE reduce using rule 28 (control -> romper .)
    HUB_POWERED_UP  reduce using rule 28 (control -> romper .)
    MOTOR_SERVO_GRANDE_EV3 reduce using rule 28 (control -> romper .)
    MOTOR_SERVO_MEDIANO_EV3 reduce using rule 28 (control -> romper .)
    SERVOMOTOR_NXT  reduce using rule 28 (control -> romper .)
    MOTOR_ANGULAR_GRANDE reduce using rule 28 (control -> romper .)
    MOTOR_ANGULAR_MEDIANO reduce using rule 28 (control -> romper .)
    MOTOR_POWERED_UP_BOOST reduce using rule 28 (control -> romper .)
    MOTOR_POWERED_UP reduce using rule 28 (control -> romper .)
    MOTOR_BOOST     reduce using rule 28 (control -> romper .)


state 21

    (43) dispositivo -> definir_dispositivo .

    LLAVE_C         reduce using rule 43 (dispositivo -> definir_dispositivo .)
    error           reduce using rule 43 (dispositivo -> definir_dispositivo .)
    IMPRIMIR        reduce using rule 43 (dispositivo -> definir_dispositivo .)
    RETRASO         reduce using rule 43 (dispositivo -> definir_dispositivo .)
    ID              reduce using rule 43 (dispositivo -> definir_dispositivo .)
    FUNC            reduce using rule 43 (dispositivo -> definir_dispositivo .)
    ENTERO          reduce using rule 43 (dispositivo -> definir_dispositivo .)
    REAL_TIPO       reduce using rule 43 (dispositivo -> definir_dispositivo .)
    BOOLEANO        reduce using rule 43 (dispositivo -> definir_dispositivo .)
    CADENA_TIPO     reduce using rule 43 (dispositivo -> definir_dispositivo .)
    SI              reduce using rule 43 (dispositivo -> definir_dispositivo .)
    MIENTRAS        reduce using rule 43 (dispositivo -> definir_dispositivo .)
    PARA            reduce using rule 43 (dispositivo -> definir_dispositivo .)
    ROMPER          reduce using rule 43 (dispositivo -> definir_dispositivo .)
    SERVO           reduce using rule 43 (dispositivo -> definir_dispositivo .)
    LED             reduce using rule 43 (dispositivo -> definir_dispositivo .)
    MOTOR           reduce using rule 43 (dispositivo -> definir_dispositivo .)
    SENSOR          reduce using rule 43 (dispositivo -> definir_dispositivo .)
    BUZZER          reduce using rule 43 (dispositivo -> definir_dispositivo .)
    SENSOR_ULTRASONICO reduce using rule 43 (dispositivo -> definir_dispositivo .)
    SENSOR_COLOR    reduce using rule 43 (dispositivo -> definir_dispositivo .)
    SENSOR_TOQUE    reduce using rule 43 (dispositivo -> definir_dispositivo .)
    SENSOR_GIRO     reduce using rule 43 (dispositivo -> definir_dispositivo .)
    RCX             reduce using rule 43 (dispositivo -> definir_dispositivo .)
    NXT             reduce using rule 43 (dispositivo -> definir_dispositivo .)
    EV3             reduce using rule 43 (dispositivo -> definir_dispositivo .)
    HUB_SPIKE_PRIME reduce using rule 43 (dispositivo -> definir_dispositivo .)
    HUB_SPIKE_ESSENTIAL reduce using rule 43 (dispositivo -> definir_dispositivo .)
    HUB_ROBOT_INVENTOR reduce using rule 43 (dispositivo -> definir_dispositivo .)
    HUB_TECHNIC_LARGE reduce using rule 43 (dispositivo -> definir_dispositivo .)
    HUB_POWERED_UP  reduce using rule 43 (dispositivo -> definir_dispositivo .)
    MOTOR_SERVO_GRANDE_EV3 reduce using rule 43 (dispositivo -> definir_dispositivo .)
    MOTOR_SERVO_MEDIANO_EV3 reduce using rule 43 (dispositivo -> definir_dispositivo .)
    SERVOMOTOR_NXT  reduce using rule 43 (dispositivo -> definir_dispositivo .)
    MOTOR_ANGULAR_GRANDE reduce using rule 43 (dispositivo -> definir_dispositivo .)
    MOTOR_ANGULAR_MEDIANO reduce using rule 43 (dispositivo -> definir_dispositivo .)
    MOTOR_POWERED_UP_BOOST reduce using rule 43 (dispositivo -> definir_dispositivo .)
    MOTOR_POWERED_UP reduce using rule 43 (dispositivo -> definir_dispositivo .)
    MOTOR_BOOST     reduce using rule 43 (dispositivo -> definir_dispositivo .)


state 22

    (44) dispositivo -> accion_dispositivo .

    LLAVE_C         reduce using rule 44 (dispositivo -> accion_dispositivo .)
    error           reduce using rule 44 (dispositivo -> accion_dispositivo .)
    IMPRIMIR        reduce using rule 44 (dispositivo -> accion_dispositivo .)
    RETRASO         reduce using rule 44 (dispositivo -> accion_dispositivo .)
    ID              reduce using rule 44 (dispositivo -> accion_dispositivo .)
    FUNC            reduce using rule 44 (dispositivo -> accion_dispositivo .)
    ENTERO          reduce using rule 44 (dispositivo -> accion_dispositivo .)
    REAL_TIPO       reduce using rule 44 (dispositivo -> accion_dispositivo .)
    BOOLEANO        reduce using rule 44 (dispositivo -> accion_dispositivo .)
    CADENA_TIPO     reduce using rule 44 (dispositivo -> accion_dispositivo .)
    SI              reduce using rule 44 (dispositivo -> accion_dispositivo .)
    MIENTRAS        reduce using rule 44 (dispositivo -> accion_dispositivo .)
    PARA            reduce using rule 44 (dispositivo -> accion_dispositivo .)
    ROMPER          reduce using rule 44 (dispositivo -> accion_dispositivo .)
    SERVO           reduce using rule 44 (dispositivo -> accion_dispositivo .)
    LED             reduce using rule 44 (dispositivo -> accion_dispositivo .)
    MOTOR           reduce using rule 44 (dispositivo -> accion_dispositivo .)
    SENSOR          reduce using rule 44 (dispositivo -> accion_dispositivo .)
    BUZZER          reduce using rule 44 (dispositivo -> accion_dispositivo .)
    SENSOR_ULTRASONICO reduce using rule 44 (dispositivo -> accion_dispositivo .)
    SENSOR_COLOR    reduce using rule 44 (dispositivo -> accion_dispositivo .)
    SENSOR_TOQUE    reduce using rule 44 (dispositivo -> accion_dispositivo .)
    SENSOR_GIRO     reduce using rule 44 (dispositivo -> accion_dispositivo .)
    RCX             reduce using rule 44 (dispositivo -> accion_dispositivo .)
    NXT             reduce using rule 44 (dispositivo -> accion_dispositivo .)
    EV3             reduce using rule 44 (dispositivo -> accion_dispositivo .)
    HUB_SPIKE_PRIME reduce using rule 44 (dispositivo -> accion_dispositivo .)
    HUB_SPIKE_ESSENTIAL reduce using rule 44 (dispositivo -> accion_dispositivo .)
    HUB_ROBOT_INVENTOR reduce using rule 44 (dispositivo -> accion_dispositivo .)
    HUB_TECHNIC_LARGE reduce using rule 44 (dispositivo -> accion_dispositivo .)
    HUB_POWERED_UP  reduce using rule 44 (dispositivo -> accion_dispositivo .)
    MOTOR_SERVO_GRANDE_EV3 reduce using rule 44 (dispositivo -> accion_dispositivo .)
    MOTOR_SERVO_MEDIANO_EV3 reduce using rule 44 (dispositivo -> accion_dispositivo .)
    SERVOMOTOR_NXT  reduce using rule 44 (dispositivo -> accion_dispositivo .)
    MOTOR_ANGULAR_GRANDE reduce using rule 44 (dispositivo -> accion_dispositivo .)
    MOTOR_ANGULAR_MEDIANO reduce using rule 44 (dispositivo -> accion_dispositivo .)
    MOTOR_POWERED_UP_BOOST reduce using rule 44 (dispositivo -> accion_dispositivo .)
    MOTOR_POWERED_UP reduce using rule 44 (dispositivo -> accion_dispositivo .)
    MOTOR_BOOST     reduce using rule 44 (dispositivo -> accion_dispositivo .)


state 23

    (38) funcion -> FUNC . ID PARENTESIS_A parametros PARENTESIS_B bloque_codigo

    ID              shift and go to state 71


state 24

    (21) tipo -> ENTERO .

    ID              reduce using rule 21 (tipo -> ENTERO .)


state 25

    (22) tipo -> REAL_TIPO .

    ID              reduce using rule 22 (tipo -> REAL_TIPO .)


state 26

    (23) tipo -> BOOLEANO .

    ID              reduce using rule 23 (tipo -> BOOLEANO .)


state 27

    (24) tipo -> CADENA_TIPO .

    ID              reduce using rule 24 (tipo -> CADENA_TIPO .)


state 28

    (29) si -> SI . PARENTESIS_A expresion PARENTESIS_B bloque_codigo
    (30) si -> SI . PARENTESIS_A expresion PARENTESIS_B bloque_codigo ID bloque_codigo

    PARENTESIS_A    shift and go to state 72


state 29

    (31) mientras -> MIENTRAS . PARENTESIS_A expresion PARENTESIS_B bloque_codigo

    PARENTESIS_A    shift and go to state 73


state 30

    (32) para -> PARA . PARENTESIS_A asignacion_para PUNTOCOMA expresion PUNTOCOMA actualizacion_para PARENTESIS_B bloque_codigo

    PARENTESIS_A    shift and go to state 74


state 31

    (112) romper -> ROMPER . PUNTOCOMA

    PUNTOCOMA       shift and go to state 75


state 32

    (70) definir_dispositivo -> tipo_dispositivo . ID ASIGNACION objeto_dispositivo PUNTOCOMA

    ID              shift and go to state 76


state 33

    (45) tipo_dispositivo -> SERVO .

    ID              reduce using rule 45 (tipo_dispositivo -> SERVO .)


state 34

    (46) tipo_dispositivo -> LED .

    ID              reduce using rule 46 (tipo_dispositivo -> LED .)


state 35

    (47) tipo_dispositivo -> MOTOR .

    ID              reduce using rule 47 (tipo_dispositivo -> MOTOR .)


state 36

    (48) tipo_dispositivo -> SENSOR .

    ID              reduce using rule 48 (tipo_dispositivo -> SENSOR .)


state 37

    (49) tipo_dispositivo -> BUZZER .

    ID              reduce using rule 49 (tipo_dispositivo -> BUZZER .)


state 38

    (50) tipo_dispositivo -> SENSOR_ULTRASONICO .

    ID              reduce using rule 50 (tipo_dispositivo -> SENSOR_ULTRASONICO .)


state 39

    (51) tipo_dispositivo -> SENSOR_COLOR .

    ID              reduce using rule 51 (tipo_dispositivo -> SENSOR_COLOR .)


state 40

    (52) tipo_dispositivo -> SENSOR_TOQUE .

    ID              reduce using rule 52 (tipo_dispositivo -> SENSOR_TOQUE .)


state 41

    (53) tipo_dispositivo -> SENSOR_GIRO .

    ID              reduce using rule 53 (tipo_dispositivo -> SENSOR_GIRO .)


state 42

    (54) tipo_dispositivo -> RCX .

    ID              reduce using rule 54 (tipo_dispositivo -> RCX .)


state 43

    (55) tipo_dispositivo -> NXT .

    ID              reduce using rule 55 (tipo_dispositivo -> NXT .)


state 44

    (56) tipo_dispositivo -> EV3 .

    ID              reduce using rule 56 (tipo_dispositivo -> EV3 .)


state 45

    (57) tipo_dispositivo -> HUB_SPIKE_PRIME .

    ID              reduce using rule 57 (tipo_dispositivo -> HUB_SPIKE_PRIME .)


state 46

    (58) tipo_dispositivo -> HUB_SPIKE_ESSENTIAL .

    ID              reduce using rule 58 (tipo_dispositivo -> HUB_SPIKE_ESSENTIAL .)


state 47

    (59) tipo_dispositivo -> HUB_ROBOT_INVENTOR .

    ID              reduce using rule 59 (tipo_dispositivo -> HUB_ROBOT_INVENTOR .)


state 48

    (60) tipo_dispositivo -> HUB_TECHNIC_LARGE .

    ID              reduce using rule 60 (tipo_dispositivo -> HUB_TECHNIC_LARGE .)


state 49

    (61) tipo_dispositivo -> HUB_POWERED_UP .

    ID              reduce using rule 61 (tipo_dispositivo -> HUB_POWERED_UP .)


state 50

    (62) tipo_dispositivo -> MOTOR_SERVO_GRANDE_EV3 .

    ID              reduce using rule 62 (tipo_dispositivo -> MOTOR_SERVO_GRANDE_EV3 .)


state 51

    (63) tipo_dispositivo -> MOTOR_SERVO_MEDIANO_EV3 .

    ID              reduce using rule 63 (tipo_dispositivo -> MOTOR_SERVO_MEDIANO_EV3 .)


state 52

    (64) tipo_dispositivo -> SERVOMOTOR_NXT .

    ID              reduce using rule 64 (tipo_dispositivo -> SERVOMOTOR_NXT .)


state 53

    (65) tipo_dispositivo -> MOTOR_ANGULAR_GRANDE .

    ID              reduce using rule 65 (tipo_dispositivo -> MOTOR_ANGULAR_GRANDE .)


state 54

    (66) tipo_dispositivo -> MOTOR_ANGULAR_MEDIANO .

    ID              reduce using rule 66 (tipo_dispositivo -> MOTOR_ANGULAR_MEDIANO .)


state 55

    (67) tipo_dispositivo -> MOTOR_POWERED_UP_BOOST .

    ID              reduce using rule 67 (tipo_dispositivo -> MOTOR_POWERED_UP_BOOST .)


state 56

    (68) tipo_dispositivo -> MOTOR_POWERED_UP .

    ID              reduce using rule 68 (tipo_dispositivo -> MOTOR_POWERED_UP .)


state 57

    (69) tipo_dispositivo -> MOTOR_BOOST .

    ID              reduce using rule 69 (tipo_dispositivo -> MOTOR_BOOST .)


state 58

    (2) programa -> ID bloque_codigo FIN .

    $end            reduce using rule 2 (programa -> ID bloque_codigo FIN .)


state 59

    (3) bloque_codigo -> LLAVE_A lista_declaraciones LLAVE_C .

    FIN             reduce using rule 3 (bloque_codigo -> LLAVE_A lista_declaraciones LLAVE_C .)
    ID              reduce using rule 3 (bloque_codigo -> LLAVE_A lista_declaraciones LLAVE_C .)
    LLAVE_C         reduce using rule 3 (bloque_codigo -> LLAVE_A lista_declaraciones LLAVE_C .)
    error           reduce using rule 3 (bloque_codigo -> LLAVE_A lista_declaraciones LLAVE_C .)
    IMPRIMIR        reduce using rule 3 (bloque_codigo -> LLAVE_A lista_declaraciones LLAVE_C .)
    RETRASO         reduce using rule 3 (bloque_codigo -> LLAVE_A lista_declaraciones LLAVE_C .)
    FUNC            reduce using rule 3 (bloque_codigo -> LLAVE_A lista_declaraciones LLAVE_C .)
    ENTERO          reduce using rule 3 (bloque_codigo -> LLAVE_A lista_declaraciones LLAVE_C .)
    REAL_TIPO       reduce using rule 3 (bloque_codigo -> LLAVE_A lista_declaraciones LLAVE_C .)
    BOOLEANO        reduce using rule 3 (bloque_codigo -> LLAVE_A lista_declaraciones LLAVE_C .)
    CADENA_TIPO     reduce using rule 3 (bloque_codigo -> LLAVE_A lista_declaraciones LLAVE_C .)
    SI              reduce using rule 3 (bloque_codigo -> LLAVE_A lista_declaraciones LLAVE_C .)
    MIENTRAS        reduce using rule 3 (bloque_codigo -> LLAVE_A lista_declaraciones LLAVE_C .)
    PARA            reduce using rule 3 (bloque_codigo -> LLAVE_A lista_declaraciones LLAVE_C .)
    ROMPER          reduce using rule 3 (bloque_codigo -> LLAVE_A lista_declaraciones LLAVE_C .)
    SERVO           reduce using rule 3 (bloque_codigo -> LLAVE_A lista_declaraciones LLAVE_C .)
    LED             reduce using rule 3 (bloque_codigo -> LLAVE_A lista_declaraciones LLAVE_C .)
    MOTOR           reduce using rule 3 (bloque_codigo -> LLAVE_A lista_declaraciones LLAVE_C .)
    SENSOR          reduce using rule 3 (bloque_codigo -> LLAVE_A lista_declaraciones LLAVE_C .)
    BUZZER          reduce using rule 3 (bloque_codigo -> LLAVE_A lista_declaraciones LLAVE_C .)
    SENSOR_ULTRASONICO reduce using rule 3 (bloque_codigo -> LLAVE_A lista_declaraciones LLAVE_C .)
    SENSOR_COLOR    reduce using rule 3 (bloque_codigo -> LLAVE_A lista_declaraciones LLAVE_C .)
    SENSOR_TOQUE    reduce using rule 3 (bloque_codigo -> LLAVE_A lista_declaraciones LLAVE_C .)
    SENSOR_GIRO     reduce using rule 3 (bloque_codigo -> LLAVE_A lista_declaraciones LLAVE_C .)
    RCX             reduce using rule 3 (bloque_codigo -> LLAVE_A lista_declaraciones LLAVE_C .)
    NXT             reduce using rule 3 (bloque_codigo -> LLAVE_A lista_declaraciones LLAVE_C .)
    EV3             reduce using rule 3 (bloque_codigo -> LLAVE_A lista_declaraciones LLAVE_C .)
    HUB_SPIKE_PRIME reduce using rule 3 (bloque_codigo -> LLAVE_A lista_declaraciones LLAVE_C .)
    HUB_SPIKE_ESSENTIAL reduce using rule 3 (bloque_codigo -> LLAVE_A lista_declaraciones LLAVE_C .)
    HUB_ROBOT_INVENTOR reduce using rule 3 (bloque_codigo -> LLAVE_A lista_declaraciones LLAVE_C .)
    HUB_TECHNIC_LARGE reduce using rule 3 (bloque_codigo -> LLAVE_A lista_declaraciones LLAVE_C .)
    HUB_POWERED_UP  reduce using rule 3 (bloque_codigo -> LLAVE_A lista_declaraciones LLAVE_C .)
    MOTOR_SERVO_GRANDE_EV3 reduce using rule 3 (bloque_codigo -> LLAVE_A lista_declaraciones LLAVE_C .)
    MOTOR_SERVO_MEDIANO_EV3 reduce using rule 3 (bloque_codigo -> LLAVE_A lista_declaraciones LLAVE_C .)
    SERVOMOTOR_NXT  reduce using rule 3 (bloque_codigo -> LLAVE_A lista_declaraciones LLAVE_C .)
    MOTOR_ANGULAR_GRANDE reduce using rule 3 (bloque_codigo -> LLAVE_A lista_declaraciones LLAVE_C .)
    MOTOR_ANGULAR_MEDIANO reduce using rule 3 (bloque_codigo -> LLAVE_A lista_declaraciones LLAVE_C .)
    MOTOR_POWERED_UP_BOOST reduce using rule 3 (bloque_codigo -> LLAVE_A lista_declaraciones LLAVE_C .)
    MOTOR_POWERED_UP reduce using rule 3 (bloque_codigo -> LLAVE_A lista_declaraciones LLAVE_C .)
    MOTOR_BOOST     reduce using rule 3 (bloque_codigo -> LLAVE_A lista_declaraciones LLAVE_C .)


state 60

    (4) bloque_codigo -> LLAVE_A lista_declaraciones error .

    FIN             reduce using rule 4 (bloque_codigo -> LLAVE_A lista_declaraciones error .)
    ID              reduce using rule 4 (bloque_codigo -> LLAVE_A lista_declaraciones error .)
    LLAVE_C         reduce using rule 4 (bloque_codigo -> LLAVE_A lista_declaraciones error .)
    error           reduce using rule 4 (bloque_codigo -> LLAVE_A lista_declaraciones error .)
    IMPRIMIR        reduce using rule 4 (bloque_codigo -> LLAVE_A lista_declaraciones error .)
    RETRASO         reduce using rule 4 (bloque_codigo -> LLAVE_A lista_declaraciones error .)
    FUNC            reduce using rule 4 (bloque_codigo -> LLAVE_A lista_declaraciones error .)
    ENTERO          reduce using rule 4 (bloque_codigo -> LLAVE_A lista_declaraciones error .)
    REAL_TIPO       reduce using rule 4 (bloque_codigo -> LLAVE_A lista_declaraciones error .)
    BOOLEANO        reduce using rule 4 (bloque_codigo -> LLAVE_A lista_declaraciones error .)
    CADENA_TIPO     reduce using rule 4 (bloque_codigo -> LLAVE_A lista_declaraciones error .)
    SI              reduce using rule 4 (bloque_codigo -> LLAVE_A lista_declaraciones error .)
    MIENTRAS        reduce using rule 4 (bloque_codigo -> LLAVE_A lista_declaraciones error .)
    PARA            reduce using rule 4 (bloque_codigo -> LLAVE_A lista_declaraciones error .)
    ROMPER          reduce using rule 4 (bloque_codigo -> LLAVE_A lista_declaraciones error .)
    SERVO           reduce using rule 4 (bloque_codigo -> LLAVE_A lista_declaraciones error .)
    LED             reduce using rule 4 (bloque_codigo -> LLAVE_A lista_declaraciones error .)
    MOTOR           reduce using rule 4 (bloque_codigo -> LLAVE_A lista_declaraciones error .)
    SENSOR          reduce using rule 4 (bloque_codigo -> LLAVE_A lista_declaraciones error .)
    BUZZER          reduce using rule 4 (bloque_codigo -> LLAVE_A lista_declaraciones error .)
    SENSOR_ULTRASONICO reduce using rule 4 (bloque_codigo -> LLAVE_A lista_declaraciones error .)
    SENSOR_COLOR    reduce using rule 4 (bloque_codigo -> LLAVE_A lista_declaraciones error .)
    SENSOR_TOQUE    reduce using rule 4 (bloque_codigo -> LLAVE_A lista_declaraciones error .)
    SENSOR_GIRO     reduce using rule 4 (bloque_codigo -> LLAVE_A lista_declaraciones error .)
    RCX             reduce using rule 4 (bloque_codigo -> LLAVE_A lista_declaraciones error .)
    NXT             reduce using rule 4 (bloque_codigo -> LLAVE_A lista_declaraciones error .)
    EV3             reduce using rule 4 (bloque_codigo -> LLAVE_A lista_declaraciones error .)
    HUB_SPIKE_PRIME reduce using rule 4 (bloque_codigo -> LLAVE_A lista_declaraciones error .)
    HUB_SPIKE_ESSENTIAL reduce using rule 4 (bloque_codigo -> LLAVE_A lista_declaraciones error .)
    HUB_ROBOT_INVENTOR reduce using rule 4 (bloque_codigo -> LLAVE_A lista_declaraciones error .)
    HUB_TECHNIC_LARGE reduce using rule 4 (bloque_codigo -> LLAVE_A lista_declaraciones error .)
    HUB_POWERED_UP  reduce using rule 4 (bloque_codigo -> LLAVE_A lista_declaraciones error .)
    MOTOR_SERVO_GRANDE_EV3 reduce using rule 4 (bloque_codigo -> LLAVE_A lista_declaraciones error .)
    MOTOR_SERVO_MEDIANO_EV3 reduce using rule 4 (bloque_codigo -> LLAVE_A lista_declaraciones error .)
    SERVOMOTOR_NXT  reduce using rule 4 (bloque_codigo -> LLAVE_A lista_declaraciones error .)
    MOTOR_ANGULAR_GRANDE reduce using rule 4 (bloque_codigo -> LLAVE_A lista_declaraciones error .)
    MOTOR_ANGULAR_MEDIANO reduce using rule 4 (bloque_codigo -> LLAVE_A lista_declaraciones error .)
    MOTOR_POWERED_UP_BOOST reduce using rule 4 (bloque_codigo -> LLAVE_A lista_declaraciones error .)
    MOTOR_POWERED_UP reduce using rule 4 (bloque_codigo -> LLAVE_A lista_declaraciones error .)
    MOTOR_BOOST     reduce using rule 4 (bloque_codigo -> LLAVE_A lista_declaraciones error .)


state 61

    (5) lista_declaraciones -> lista_declaraciones declaracion .

    LLAVE_C         reduce using rule 5 (lista_declaraciones -> lista_declaraciones declaracion .)
    error           reduce using rule 5 (lista_declaraciones -> lista_declaraciones declaracion .)
    IMPRIMIR        reduce using rule 5 (lista_declaraciones -> lista_declaraciones declaracion .)
    RETRASO         reduce using rule 5 (lista_declaraciones -> lista_declaraciones declaracion .)
    ID              reduce using rule 5 (lista_declaraciones -> lista_declaraciones declaracion .)
    FUNC            reduce using rule 5 (lista_declaraciones -> lista_declaraciones declaracion .)
    ENTERO          reduce using rule 5 (lista_declaraciones -> lista_declaraciones declaracion .)
    REAL_TIPO       reduce using rule 5 (lista_declaraciones -> lista_declaraciones declaracion .)
    BOOLEANO        reduce using rule 5 (lista_declaraciones -> lista_declaraciones declaracion .)
    CADENA_TIPO     reduce using rule 5 (lista_declaraciones -> lista_declaraciones declaracion .)
    SI              reduce using rule 5 (lista_declaraciones -> lista_declaraciones declaracion .)
    MIENTRAS        reduce using rule 5 (lista_declaraciones -> lista_declaraciones declaracion .)
    PARA            reduce using rule 5 (lista_declaraciones -> lista_declaraciones declaracion .)
    ROMPER          reduce using rule 5 (lista_declaraciones -> lista_declaraciones declaracion .)
    SERVO           reduce using rule 5 (lista_declaraciones -> lista_declaraciones declaracion .)
    LED             reduce using rule 5 (lista_declaraciones -> lista_declaraciones declaracion .)
    MOTOR           reduce using rule 5 (lista_declaraciones -> lista_declaraciones declaracion .)
    SENSOR          reduce using rule 5 (lista_declaraciones -> lista_declaraciones declaracion .)
    BUZZER          reduce using rule 5 (lista_declaraciones -> lista_declaraciones declaracion .)
    SENSOR_ULTRASONICO reduce using rule 5 (lista_declaraciones -> lista_declaraciones declaracion .)
    SENSOR_COLOR    reduce using rule 5 (lista_declaraciones -> lista_declaraciones declaracion .)
    SENSOR_TOQUE    reduce using rule 5 (lista_declaraciones -> lista_declaraciones declaracion .)
    SENSOR_GIRO     reduce using rule 5 (lista_declaraciones -> lista_declaraciones declaracion .)
    RCX             reduce using rule 5 (lista_declaraciones -> lista_declaraciones declaracion .)
    NXT             reduce using rule 5 (lista_declaraciones -> lista_declaraciones declaracion .)
    EV3             reduce using rule 5 (lista_declaraciones -> lista_declaraciones declaracion .)
    HUB_SPIKE_PRIME reduce using rule 5 (lista_declaraciones -> lista_declaraciones declaracion .)
    HUB_SPIKE_ESSENTIAL reduce using rule 5 (lista_declaraciones -> lista_declaraciones declaracion .)
    HUB_ROBOT_INVENTOR reduce using rule 5 (lista_declaraciones -> lista_declaraciones declaracion .)
    HUB_TECHNIC_LARGE reduce using rule 5 (lista_declaraciones -> lista_declaraciones declaracion .)
    HUB_POWERED_UP  reduce using rule 5 (lista_declaraciones -> lista_declaraciones declaracion .)
    MOTOR_SERVO_GRANDE_EV3 reduce using rule 5 (lista_declaraciones -> lista_declaraciones declaracion .)
    MOTOR_SERVO_MEDIANO_EV3 reduce using rule 5 (lista_declaraciones -> lista_declaraciones declaracion .)
    SERVOMOTOR_NXT  reduce using rule 5 (lista_declaraciones -> lista_declaraciones declaracion .)
    MOTOR_ANGULAR_GRANDE reduce using rule 5 (lista_declaraciones -> lista_declaraciones declaracion .)
    MOTOR_ANGULAR_MEDIANO reduce using rule 5 (lista_declaraciones -> lista_declaraciones declaracion .)
    MOTOR_POWERED_UP_BOOST reduce using rule 5 (lista_declaraciones -> lista_declaraciones declaracion .)
    MOTOR_POWERED_UP reduce using rule 5 (lista_declaraciones -> lista_declaraciones declaracion .)
    MOTOR_BOOST     reduce using rule 5 (lista_declaraciones -> lista_declaraciones declaracion .)


state 62

    (6) lista_declaraciones -> lista_declaraciones control .

    LLAVE_C         reduce using rule 6 (lista_declaraciones -> lista_declaraciones control .)
    error           reduce using rule 6 (lista_declaraciones -> lista_declaraciones control .)
    IMPRIMIR        reduce using rule 6 (lista_declaraciones -> lista_declaraciones control .)
    RETRASO         reduce using rule 6 (lista_declaraciones -> lista_declaraciones control .)
    ID              reduce using rule 6 (lista_declaraciones -> lista_declaraciones control .)
    FUNC            reduce using rule 6 (lista_declaraciones -> lista_declaraciones control .)
    ENTERO          reduce using rule 6 (lista_declaraciones -> lista_declaraciones control .)
    REAL_TIPO       reduce using rule 6 (lista_declaraciones -> lista_declaraciones control .)
    BOOLEANO        reduce using rule 6 (lista_declaraciones -> lista_declaraciones control .)
    CADENA_TIPO     reduce using rule 6 (lista_declaraciones -> lista_declaraciones control .)
    SI              reduce using rule 6 (lista_declaraciones -> lista_declaraciones control .)
    MIENTRAS        reduce using rule 6 (lista_declaraciones -> lista_declaraciones control .)
    PARA            reduce using rule 6 (lista_declaraciones -> lista_declaraciones control .)
    ROMPER          reduce using rule 6 (lista_declaraciones -> lista_declaraciones control .)
    SERVO           reduce using rule 6 (lista_declaraciones -> lista_declaraciones control .)
    LED             reduce using rule 6 (lista_declaraciones -> lista_declaraciones control .)
    MOTOR           reduce using rule 6 (lista_declaraciones -> lista_declaraciones control .)
    SENSOR          reduce using rule 6 (lista_declaraciones -> lista_declaraciones control .)
    BUZZER          reduce using rule 6 (lista_declaraciones -> lista_declaraciones control .)
    SENSOR_ULTRASONICO reduce using rule 6 (lista_declaraciones -> lista_declaraciones control .)
    SENSOR_COLOR    reduce using rule 6 (lista_declaraciones -> lista_declaraciones control .)
    SENSOR_TOQUE    reduce using rule 6 (lista_declaraciones -> lista_declaraciones control .)
    SENSOR_GIRO     reduce using rule 6 (lista_declaraciones -> lista_declaraciones control .)
    RCX             reduce using rule 6 (lista_declaraciones -> lista_declaraciones control .)
    NXT             reduce using rule 6 (lista_declaraciones -> lista_declaraciones control .)
    EV3             reduce using rule 6 (lista_declaraciones -> lista_declaraciones control .)
    HUB_SPIKE_PRIME reduce using rule 6 (lista_declaraciones -> lista_declaraciones control .)
    HUB_SPIKE_ESSENTIAL reduce using rule 6 (lista_declaraciones -> lista_declaraciones control .)
    HUB_ROBOT_INVENTOR reduce using rule 6 (lista_declaraciones -> lista_declaraciones control .)
    HUB_TECHNIC_LARGE reduce using rule 6 (lista_declaraciones -> lista_declaraciones control .)
    HUB_POWERED_UP  reduce using rule 6 (lista_declaraciones -> lista_declaraciones control .)
    MOTOR_SERVO_GRANDE_EV3 reduce using rule 6 (lista_declaraciones -> lista_declaraciones control .)
    MOTOR_SERVO_MEDIANO_EV3 reduce using rule 6 (lista_declaraciones -> lista_declaraciones control .)
    SERVOMOTOR_NXT  reduce using rule 6 (lista_declaraciones -> lista_declaraciones control .)
    MOTOR_ANGULAR_GRANDE reduce using rule 6 (lista_declaraciones -> lista_declaraciones control .)
    MOTOR_ANGULAR_MEDIANO reduce using rule 6 (lista_declaraciones -> lista_declaraciones control .)
    MOTOR_POWERED_UP_BOOST reduce using rule 6 (lista_declaraciones -> lista_declaraciones control .)
    MOTOR_POWERED_UP reduce using rule 6 (lista_declaraciones -> lista_declaraciones control .)
    MOTOR_BOOST     reduce using rule 6 (lista_declaraciones -> lista_declaraciones control .)


state 63

    (7) lista_declaraciones -> lista_declaraciones dispositivo .

    LLAVE_C         reduce using rule 7 (lista_declaraciones -> lista_declaraciones dispositivo .)
    error           reduce using rule 7 (lista_declaraciones -> lista_declaraciones dispositivo .)
    IMPRIMIR        reduce using rule 7 (lista_declaraciones -> lista_declaraciones dispositivo .)
    RETRASO         reduce using rule 7 (lista_declaraciones -> lista_declaraciones dispositivo .)
    ID              reduce using rule 7 (lista_declaraciones -> lista_declaraciones dispositivo .)
    FUNC            reduce using rule 7 (lista_declaraciones -> lista_declaraciones dispositivo .)
    ENTERO          reduce using rule 7 (lista_declaraciones -> lista_declaraciones dispositivo .)
    REAL_TIPO       reduce using rule 7 (lista_declaraciones -> lista_declaraciones dispositivo .)
    BOOLEANO        reduce using rule 7 (lista_declaraciones -> lista_declaraciones dispositivo .)
    CADENA_TIPO     reduce using rule 7 (lista_declaraciones -> lista_declaraciones dispositivo .)
    SI              reduce using rule 7 (lista_declaraciones -> lista_declaraciones dispositivo .)
    MIENTRAS        reduce using rule 7 (lista_declaraciones -> lista_declaraciones dispositivo .)
    PARA            reduce using rule 7 (lista_declaraciones -> lista_declaraciones dispositivo .)
    ROMPER          reduce using rule 7 (lista_declaraciones -> lista_declaraciones dispositivo .)
    SERVO           reduce using rule 7 (lista_declaraciones -> lista_declaraciones dispositivo .)
    LED             reduce using rule 7 (lista_declaraciones -> lista_declaraciones dispositivo .)
    MOTOR           reduce using rule 7 (lista_declaraciones -> lista_declaraciones dispositivo .)
    SENSOR          reduce using rule 7 (lista_declaraciones -> lista_declaraciones dispositivo .)
    BUZZER          reduce using rule 7 (lista_declaraciones -> lista_declaraciones dispositivo .)
    SENSOR_ULTRASONICO reduce using rule 7 (lista_declaraciones -> lista_declaraciones dispositivo .)
    SENSOR_COLOR    reduce using rule 7 (lista_declaraciones -> lista_declaraciones dispositivo .)
    SENSOR_TOQUE    reduce using rule 7 (lista_declaraciones -> lista_declaraciones dispositivo .)
    SENSOR_GIRO     reduce using rule 7 (lista_declaraciones -> lista_declaraciones dispositivo .)
    RCX             reduce using rule 7 (lista_declaraciones -> lista_declaraciones dispositivo .)
    NXT             reduce using rule 7 (lista_declaraciones -> lista_declaraciones dispositivo .)
    EV3             reduce using rule 7 (lista_declaraciones -> lista_declaraciones dispositivo .)
    HUB_SPIKE_PRIME reduce using rule 7 (lista_declaraciones -> lista_declaraciones dispositivo .)
    HUB_SPIKE_ESSENTIAL reduce using rule 7 (lista_declaraciones -> lista_declaraciones dispositivo .)
    HUB_ROBOT_INVENTOR reduce using rule 7 (lista_declaraciones -> lista_declaraciones dispositivo .)
    HUB_TECHNIC_LARGE reduce using rule 7 (lista_declaraciones -> lista_declaraciones dispositivo .)
    HUB_POWERED_UP  reduce using rule 7 (lista_declaraciones -> lista_declaraciones dispositivo .)
    MOTOR_SERVO_GRANDE_EV3 reduce using rule 7 (lista_declaraciones -> lista_declaraciones dispositivo .)
    MOTOR_SERVO_MEDIANO_EV3 reduce using rule 7 (lista_declaraciones -> lista_declaraciones dispositivo .)
    SERVOMOTOR_NXT  reduce using rule 7 (lista_declaraciones -> lista_declaraciones dispositivo .)
    MOTOR_ANGULAR_GRANDE reduce using rule 7 (lista_declaraciones -> lista_declaraciones dispositivo .)
    MOTOR_ANGULAR_MEDIANO reduce using rule 7 (lista_declaraciones -> lista_declaraciones dispositivo .)
    MOTOR_POWERED_UP_BOOST reduce using rule 7 (lista_declaraciones -> lista_declaraciones dispositivo .)
    MOTOR_POWERED_UP reduce using rule 7 (lista_declaraciones -> lista_declaraciones dispositivo .)
    MOTOR_BOOST     reduce using rule 7 (lista_declaraciones -> lista_declaraciones dispositivo .)


state 64

    (8) lista_declaraciones -> lista_declaraciones funcion .

    LLAVE_C         reduce using rule 8 (lista_declaraciones -> lista_declaraciones funcion .)
    error           reduce using rule 8 (lista_declaraciones -> lista_declaraciones funcion .)
    IMPRIMIR        reduce using rule 8 (lista_declaraciones -> lista_declaraciones funcion .)
    RETRASO         reduce using rule 8 (lista_declaraciones -> lista_declaraciones funcion .)
    ID              reduce using rule 8 (lista_declaraciones -> lista_declaraciones funcion .)
    FUNC            reduce using rule 8 (lista_declaraciones -> lista_declaraciones funcion .)
    ENTERO          reduce using rule 8 (lista_declaraciones -> lista_declaraciones funcion .)
    REAL_TIPO       reduce using rule 8 (lista_declaraciones -> lista_declaraciones funcion .)
    BOOLEANO        reduce using rule 8 (lista_declaraciones -> lista_declaraciones funcion .)
    CADENA_TIPO     reduce using rule 8 (lista_declaraciones -> lista_declaraciones funcion .)
    SI              reduce using rule 8 (lista_declaraciones -> lista_declaraciones funcion .)
    MIENTRAS        reduce using rule 8 (lista_declaraciones -> lista_declaraciones funcion .)
    PARA            reduce using rule 8 (lista_declaraciones -> lista_declaraciones funcion .)
    ROMPER          reduce using rule 8 (lista_declaraciones -> lista_declaraciones funcion .)
    SERVO           reduce using rule 8 (lista_declaraciones -> lista_declaraciones funcion .)
    LED             reduce using rule 8 (lista_declaraciones -> lista_declaraciones funcion .)
    MOTOR           reduce using rule 8 (lista_declaraciones -> lista_declaraciones funcion .)
    SENSOR          reduce using rule 8 (lista_declaraciones -> lista_declaraciones funcion .)
    BUZZER          reduce using rule 8 (lista_declaraciones -> lista_declaraciones funcion .)
    SENSOR_ULTRASONICO reduce using rule 8 (lista_declaraciones -> lista_declaraciones funcion .)
    SENSOR_COLOR    reduce using rule 8 (lista_declaraciones -> lista_declaraciones funcion .)
    SENSOR_TOQUE    reduce using rule 8 (lista_declaraciones -> lista_declaraciones funcion .)
    SENSOR_GIRO     reduce using rule 8 (lista_declaraciones -> lista_declaraciones funcion .)
    RCX             reduce using rule 8 (lista_declaraciones -> lista_declaraciones funcion .)
    NXT             reduce using rule 8 (lista_declaraciones -> lista_declaraciones funcion .)
    EV3             reduce using rule 8 (lista_declaraciones -> lista_declaraciones funcion .)
    HUB_SPIKE_PRIME reduce using rule 8 (lista_declaraciones -> lista_declaraciones funcion .)
    HUB_SPIKE_ESSENTIAL reduce using rule 8 (lista_declaraciones -> lista_declaraciones funcion .)
    HUB_ROBOT_INVENTOR reduce using rule 8 (lista_declaraciones -> lista_declaraciones funcion .)
    HUB_TECHNIC_LARGE reduce using rule 8 (lista_declaraciones -> lista_declaraciones funcion .)
    HUB_POWERED_UP  reduce using rule 8 (lista_declaraciones -> lista_declaraciones funcion .)
    MOTOR_SERVO_GRANDE_EV3 reduce using rule 8 (lista_declaraciones -> lista_declaraciones funcion .)
    MOTOR_SERVO_MEDIANO_EV3 reduce using rule 8 (lista_declaraciones -> lista_declaraciones funcion .)
    SERVOMOTOR_NXT  reduce using rule 8 (lista_declaraciones -> lista_declaraciones funcion .)
    MOTOR_ANGULAR_GRANDE reduce using rule 8 (lista_declaraciones -> lista_declaraciones funcion .)
    MOTOR_ANGULAR_MEDIANO reduce using rule 8 (lista_declaraciones -> lista_declaraciones funcion .)
    MOTOR_POWERED_UP_BOOST reduce using rule 8 (lista_declaraciones -> lista_declaraciones funcion .)
    MOTOR_POWERED_UP reduce using rule 8 (lista_declaraciones -> lista_declaraciones funcion .)
    MOTOR_BOOST     reduce using rule 8 (lista_declaraciones -> lista_declaraciones funcion .)


state 65

    (13) declaracion -> IMPRIMIR PARENTESIS_A . expresion PARENTESIS_B PUNTOCOMA
    (83) expresion -> . expresion op_binario expresion
    (84) expresion -> . op_unario expresion
    (85) expresion -> . PARENTESIS_A expresion PARENTESIS_B
    (86) expresion -> . ID FLECHA VALOR PARENTESIS_A expresion_opt PARENTESIS_B
    (87) expresion -> . ID
    (88) expresion -> . ID CORCHETE_A NUMERO CORCHETE_B
    (89) expresion -> . NUMERO
    (90) expresion -> . REAL
    (91) expresion -> . CADENA_TEXTO
    (92) expresion -> . TRUE
    (93) expresion -> . FALSE
    (110) op_unario -> . NOT
    (111) op_unario -> . RESTA

    PARENTESIS_A    shift and go to state 77
    ID              shift and go to state 80
    NUMERO          shift and go to state 81
    REAL            shift and go to state 82
    CADENA_TEXTO    shift and go to state 83
    TRUE            shift and go to state 84
    FALSE           shift and go to state 85
    NOT             shift and go to state 86
    RESTA           shift and go to state 87

    expresion                      shift and go to state 78
    op_unario                      shift and go to state 79

state 66

    (14) declaracion -> RETRASO PARENTESIS_A . expresion PARENTESIS_B PUNTOCOMA
    (83) expresion -> . expresion op_binario expresion
    (84) expresion -> . op_unario expresion
    (85) expresion -> . PARENTESIS_A expresion PARENTESIS_B
    (86) expresion -> . ID FLECHA VALOR PARENTESIS_A expresion_opt PARENTESIS_B
    (87) expresion -> . ID
    (88) expresion -> . ID CORCHETE_A NUMERO CORCHETE_B
    (89) expresion -> . NUMERO
    (90) expresion -> . REAL
    (91) expresion -> . CADENA_TEXTO
    (92) expresion -> . TRUE
    (93) expresion -> . FALSE
    (110) op_unario -> . NOT
    (111) op_unario -> . RESTA

    PARENTESIS_A    shift and go to state 77
    ID              shift and go to state 80
    NUMERO          shift and go to state 81
    REAL            shift and go to state 82
    CADENA_TEXTO    shift and go to state 83
    TRUE            shift and go to state 84
    FALSE           shift and go to state 85
    NOT             shift and go to state 86
    RESTA           shift and go to state 87

    expresion                      shift and go to state 88
    op_unario                      shift and go to state 79

state 67

    (15) declaracion -> tipo ID . PUNTOCOMA
    (16) declaracion -> tipo ID . ASIGNACION expresion PUNTOCOMA
    (17) declaracion -> tipo ID . CORCHETE_A NUMERO CORCHETE_B PUNTOCOMA
    (19) declaracion -> tipo ID . ASIGNACION error PUNTOCOMA

    PUNTOCOMA       shift and go to state 89
    ASIGNACION      shift and go to state 90
    CORCHETE_A      shift and go to state 91


state 68

    (18) declaracion -> ID CORCHETE_A . NUMERO CORCHETE_B ASIGNACION expresion PUNTOCOMA

    NUMERO          shift and go to state 92


state 69

    (20) declaracion -> ID PARENTESIS_A . argumentos PARENTESIS_B PUNTOCOMA
    (94) argumentos -> . expresion
    (95) argumentos -> . expresion COMA argumentos
    (96) argumentos -> . empty
    (83) expresion -> . expresion op_binario expresion
    (84) expresion -> . op_unario expresion
    (85) expresion -> . PARENTESIS_A expresion PARENTESIS_B
    (86) expresion -> . ID FLECHA VALOR PARENTESIS_A expresion_opt PARENTESIS_B
    (87) expresion -> . ID
    (88) expresion -> . ID CORCHETE_A NUMERO CORCHETE_B
    (89) expresion -> . NUMERO
    (90) expresion -> . REAL
    (91) expresion -> . CADENA_TEXTO
    (92) expresion -> . TRUE
    (93) expresion -> . FALSE
    (113) empty -> .
    (110) op_unario -> . NOT
    (111) op_unario -> . RESTA

    PARENTESIS_A    shift and go to state 77
    ID              shift and go to state 80
    NUMERO          shift and go to state 81
    REAL            shift and go to state 82
    CADENA_TEXTO    shift and go to state 83
    TRUE            shift and go to state 84
    FALSE           shift and go to state 85
    PARENTESIS_B    reduce using rule 113 (empty -> .)
    NOT             shift and go to state 86
    RESTA           shift and go to state 87

    argumentos                     shift and go to state 93
    expresion                      shift and go to state 94
    empty                          shift and go to state 95
    op_unario                      shift and go to state 79

state 70

    (75) accion_dispositivo -> ID FLECHA . accion PARENTESIS_A expresion_opt PARENTESIS_B PUNTOCOMA
    (76) accion -> . ENCENDER
    (77) accion -> . APAGAR
    (78) accion -> . VALOR
    (79) accion -> . GIRARSERVO
    (80) accion -> . GIRARMOTOR

    ENCENDER        shift and go to state 97
    APAGAR          shift and go to state 98
    VALOR           shift and go to state 99
    GIRARSERVO      shift and go to state 100
    GIRARMOTOR      shift and go to state 101

    accion                         shift and go to state 96

state 71

    (38) funcion -> FUNC ID . PARENTESIS_A parametros PARENTESIS_B bloque_codigo

    PARENTESIS_A    shift and go to state 102


state 72

    (29) si -> SI PARENTESIS_A . expresion PARENTESIS_B bloque_codigo
    (30) si -> SI PARENTESIS_A . expresion PARENTESIS_B bloque_codigo ID bloque_codigo
    (83) expresion -> . expresion op_binario expresion
    (84) expresion -> . op_unario expresion
    (85) expresion -> . PARENTESIS_A expresion PARENTESIS_B
    (86) expresion -> . ID FLECHA VALOR PARENTESIS_A expresion_opt PARENTESIS_B
    (87) expresion -> . ID
    (88) expresion -> . ID CORCHETE_A NUMERO CORCHETE_B
    (89) expresion -> . NUMERO
    (90) expresion -> . REAL
    (91) expresion -> . CADENA_TEXTO
    (92) expresion -> . TRUE
    (93) expresion -> . FALSE
    (110) op_unario -> . NOT
    (111) op_unario -> . RESTA

    PARENTESIS_A    shift and go to state 77
    ID              shift and go to state 80
    NUMERO          shift and go to state 81
    REAL            shift and go to state 82
    CADENA_TEXTO    shift and go to state 83
    TRUE            shift and go to state 84
    FALSE           shift and go to state 85
    NOT             shift and go to state 86
    RESTA           shift and go to state 87

    expresion                      shift and go to state 103
    op_unario                      shift and go to state 79

state 73

    (31) mientras -> MIENTRAS PARENTESIS_A . expresion PARENTESIS_B bloque_codigo
    (83) expresion -> . expresion op_binario expresion
    (84) expresion -> . op_unario expresion
    (85) expresion -> . PARENTESIS_A expresion PARENTESIS_B
    (86) expresion -> . ID FLECHA VALOR PARENTESIS_A expresion_opt PARENTESIS_B
    (87) expresion -> . ID
    (88) expresion -> . ID CORCHETE_A NUMERO CORCHETE_B
    (89) expresion -> . NUMERO
    (90) expresion -> . REAL
    (91) expresion -> . CADENA_TEXTO
    (92) expresion -> . TRUE
    (93) expresion -> . FALSE
    (110) op_unario -> . NOT
    (111) op_unario -> . RESTA

    PARENTESIS_A    shift and go to state 77
    ID              shift and go to state 80
    NUMERO          shift and go to state 81
    REAL            shift and go to state 82
    CADENA_TEXTO    shift and go to state 83
    TRUE            shift and go to state 84
    FALSE           shift and go to state 85
    NOT             shift and go to state 86
    RESTA           shift and go to state 87

    expresion                      shift and go to state 104
    op_unario                      shift and go to state 79

state 74

    (32) para -> PARA PARENTESIS_A . asignacion_para PUNTOCOMA expresion PUNTOCOMA actualizacion_para PARENTESIS_B bloque_codigo
    (33) asignacion_para -> . tipo ID ASIGNACION expresion
    (34) asignacion_para -> . ID ASIGNACION expresion
    (21) tipo -> . ENTERO
    (22) tipo -> . REAL_TIPO
    (23) tipo -> . BOOLEANO
    (24) tipo -> . CADENA_TIPO

    ID              shift and go to state 107
    ENTERO          shift and go to state 24
    REAL_TIPO       shift and go to state 25
    BOOLEANO        shift and go to state 26
    CADENA_TIPO     shift and go to state 27

    asignacion_para                shift and go to state 105
    tipo                           shift and go to state 106

state 75

    (112) romper -> ROMPER PUNTOCOMA .

    LLAVE_C         reduce using rule 112 (romper -> ROMPER PUNTOCOMA .)
    error           reduce using rule 112 (romper -> ROMPER PUNTOCOMA .)
    IMPRIMIR        reduce using rule 112 (romper -> ROMPER PUNTOCOMA .)
    RETRASO         reduce using rule 112 (romper -> ROMPER PUNTOCOMA .)
    ID              reduce using rule 112 (romper -> ROMPER PUNTOCOMA .)
    FUNC            reduce using rule 112 (romper -> ROMPER PUNTOCOMA .)
    ENTERO          reduce using rule 112 (romper -> ROMPER PUNTOCOMA .)
    REAL_TIPO       reduce using rule 112 (romper -> ROMPER PUNTOCOMA .)
    BOOLEANO        reduce using rule 112 (romper -> ROMPER PUNTOCOMA .)
    CADENA_TIPO     reduce using rule 112 (romper -> ROMPER PUNTOCOMA .)
    SI              reduce using rule 112 (romper -> ROMPER PUNTOCOMA .)
    MIENTRAS        reduce using rule 112 (romper -> ROMPER PUNTOCOMA .)
    PARA            reduce using rule 112 (romper -> ROMPER PUNTOCOMA .)
    ROMPER          reduce using rule 112 (romper -> ROMPER PUNTOCOMA .)
    SERVO           reduce using rule 112 (romper -> ROMPER PUNTOCOMA .)
    LED             reduce using rule 112 (romper -> ROMPER PUNTOCOMA .)
    MOTOR           reduce using rule 112 (romper -> ROMPER PUNTOCOMA .)
    SENSOR          reduce using rule 112 (romper -> ROMPER PUNTOCOMA .)
    BUZZER          reduce using rule 112 (romper -> ROMPER PUNTOCOMA .)
    SENSOR_ULTRASONICO reduce using rule 112 (romper -> ROMPER PUNTOCOMA .)
    SENSOR_COLOR    reduce using rule 112 (romper -> ROMPER PUNTOCOMA .)
    SENSOR_TOQUE    reduce using rule 112 (romper -> ROMPER PUNTOCOMA .)
    SENSOR_GIRO     reduce using rule 112 (romper -> ROMPER PUNTOCOMA .)
    RCX             reduce using rule 112 (romper -> ROMPER PUNTOCOMA .)
    NXT             reduce using rule 112 (romper -> ROMPER PUNTOCOMA .)
    EV3             reduce using rule 112 (romper -> ROMPER PUNTOCOMA .)
    HUB_SPIKE_PRIME reduce using rule 112 (romper -> ROMPER PUNTOCOMA .)
    HUB_SPIKE_ESSENTIAL reduce using rule 112 (romper -> ROMPER PUNTOCOMA .)
    HUB_ROBOT_INVENTOR reduce using rule 112 (romper -> ROMPER PUNTOCOMA .)
    HUB_TECHNIC_LARGE reduce using rule 112 (romper -> ROMPER PUNTOCOMA .)
    HUB_POWERED_UP  reduce using rule 112 (romper -> ROMPER PUNTOCOMA .)
    MOTOR_SERVO_GRANDE_EV3 reduce using rule 112 (romper -> ROMPER PUNTOCOMA .)
    MOTOR_SERVO_MEDIANO_EV3 reduce using rule 112 (romper -> ROMPER PUNTOCOMA .)
    SERVOMOTOR_NXT  reduce using rule 112 (romper -> ROMPER PUNTOCOMA .)
    MOTOR_ANGULAR_GRANDE reduce using rule 112 (romper -> ROMPER PUNTOCOMA .)
    MOTOR_ANGULAR_MEDIANO reduce using rule 112 (romper -> ROMPER PUNTOCOMA .)
    MOTOR_POWERED_UP_BOOST reduce using rule 112 (romper -> ROMPER PUNTOCOMA .)
    MOTOR_POWERED_UP reduce using rule 112 (romper -> ROMPER PUNTOCOMA .)
    MOTOR_BOOST     reduce using rule 112 (romper -> ROMPER PUNTOCOMA .)


state 76

    (70) definir_dispositivo -> tipo_dispositivo ID . ASIGNACION objeto_dispositivo PUNTOCOMA

    ASIGNACION      shift and go to state 108


state 77

    (85) expresion -> PARENTESIS_A . expresion PARENTESIS_B
    (83) expresion -> . expresion op_binario expresion
    (84) expresion -> . op_unario expresion
    (85) expresion -> . PARENTESIS_A expresion PARENTESIS_B
    (86) expresion -> . ID FLECHA VALOR PARENTESIS_A expresion_opt PARENTESIS_B
    (87) expresion -> . ID
    (88) expresion -> . ID CORCHETE_A NUMERO CORCHETE_B
    (89) expresion -> . NUMERO
    (90) expresion -> . REAL
    (91) expresion -> . CADENA_TEXTO
    (92) expresion -> . TRUE
    (93) expresion -> . FALSE
    (110) op_unario -> . NOT
    (111) op_unario -> . RESTA

    PARENTESIS_A    shift and go to state 77
    ID              shift and go to state 80
    NUMERO          shift and go to state 81
    REAL            shift and go to state 82
    CADENA_TEXTO    shift and go to state 83
    TRUE            shift and go to state 84
    FALSE           shift and go to state 85
    NOT             shift and go to state 86
    RESTA           shift and go to state 87

    expresion                      shift and go to state 109
    op_unario                      shift and go to state 79

state 78

    (13) declaracion -> IMPRIMIR PARENTESIS_A expresion . PARENTESIS_B PUNTOCOMA
    (83) expresion -> expresion . op_binario expresion
    (97) op_binario -> . SUMA
    (98) op_binario -> . RESTA
    (99) op_binario -> . MULTIPLICACION
    (100) op_binario -> . DIVISION
    (101) op_binario -> . MODULO
    (102) op_binario -> . IGUAL
    (103) op_binario -> . DIFERENTE
    (104) op_binario -> . MENORQUE
    (105) op_binario -> . MAYORQUE
    (106) op_binario -> . MENORIGUAL
    (107) op_binario -> . MAYORIGUAL
    (108) op_binario -> . AND
    (109) op_binario -> . OR

    PARENTESIS_B    shift and go to state 110
    SUMA            shift and go to state 112
    RESTA           shift and go to state 113
    MULTIPLICACION  shift and go to state 114
    DIVISION        shift and go to state 115
    MODULO          shift and go to state 116
    IGUAL           shift and go to state 117
    DIFERENTE       shift and go to state 118
    MENORQUE        shift and go to state 119
    MAYORQUE        shift and go to state 120
    MENORIGUAL      shift and go to state 121
    MAYORIGUAL      shift and go to state 122
    AND             shift and go to state 123
    OR              shift and go to state 124

    op_binario                     shift and go to state 111

state 79

    (84) expresion -> op_unario . expresion
    (83) expresion -> . expresion op_binario expresion
    (84) expresion -> . op_unario expresion
    (85) expresion -> . PARENTESIS_A expresion PARENTESIS_B
    (86) expresion -> . ID FLECHA VALOR PARENTESIS_A expresion_opt PARENTESIS_B
    (87) expresion -> . ID
    (88) expresion -> . ID CORCHETE_A NUMERO CORCHETE_B
    (89) expresion -> . NUMERO
    (90) expresion -> . REAL
    (91) expresion -> . CADENA_TEXTO
    (92) expresion -> . TRUE
    (93) expresion -> . FALSE
    (110) op_unario -> . NOT
    (111) op_unario -> . RESTA

    PARENTESIS_A    shift and go to state 77
    ID              shift and go to state 80
    NUMERO          shift and go to state 81
    REAL            shift and go to state 82
    CADENA_TEXTO    shift and go to state 83
    TRUE            shift and go to state 84
    FALSE           shift and go to state 85
    NOT             shift and go to state 86
    RESTA           shift and go to state 87

    op_unario                      shift and go to state 79
    expresion                      shift and go to state 125

state 80

    (86) expresion -> ID . FLECHA VALOR PARENTESIS_A expresion_opt PARENTESIS_B
    (87) expresion -> ID .
    (88) expresion -> ID . CORCHETE_A NUMERO CORCHETE_B

    FLECHA          shift and go to state 126
    PARENTESIS_B    reduce using rule 87 (expresion -> ID .)
    SUMA            reduce using rule 87 (expresion -> ID .)
    RESTA           reduce using rule 87 (expresion -> ID .)
    MULTIPLICACION  reduce using rule 87 (expresion -> ID .)
    DIVISION        reduce using rule 87 (expresion -> ID .)
    MODULO          reduce using rule 87 (expresion -> ID .)
    IGUAL           reduce using rule 87 (expresion -> ID .)
    DIFERENTE       reduce using rule 87 (expresion -> ID .)
    MENORQUE        reduce using rule 87 (expresion -> ID .)
    MAYORQUE        reduce using rule 87 (expresion -> ID .)
    MENORIGUAL      reduce using rule 87 (expresion -> ID .)
    MAYORIGUAL      reduce using rule 87 (expresion -> ID .)
    AND             reduce using rule 87 (expresion -> ID .)
    OR              reduce using rule 87 (expresion -> ID .)
    COMA            reduce using rule 87 (expresion -> ID .)
    PUNTOCOMA       reduce using rule 87 (expresion -> ID .)
    LLAVE_C         reduce using rule 87 (expresion -> ID .)
    CORCHETE_A      shift and go to state 127


state 81

    (89) expresion -> NUMERO .

    PARENTESIS_B    reduce using rule 89 (expresion -> NUMERO .)
    SUMA            reduce using rule 89 (expresion -> NUMERO .)
    RESTA           reduce using rule 89 (expresion -> NUMERO .)
    MULTIPLICACION  reduce using rule 89 (expresion -> NUMERO .)
    DIVISION        reduce using rule 89 (expresion -> NUMERO .)
    MODULO          reduce using rule 89 (expresion -> NUMERO .)
    IGUAL           reduce using rule 89 (expresion -> NUMERO .)
    DIFERENTE       reduce using rule 89 (expresion -> NUMERO .)
    MENORQUE        reduce using rule 89 (expresion -> NUMERO .)
    MAYORQUE        reduce using rule 89 (expresion -> NUMERO .)
    MENORIGUAL      reduce using rule 89 (expresion -> NUMERO .)
    MAYORIGUAL      reduce using rule 89 (expresion -> NUMERO .)
    AND             reduce using rule 89 (expresion -> NUMERO .)
    OR              reduce using rule 89 (expresion -> NUMERO .)
    COMA            reduce using rule 89 (expresion -> NUMERO .)
    PUNTOCOMA       reduce using rule 89 (expresion -> NUMERO .)
    LLAVE_C         reduce using rule 89 (expresion -> NUMERO .)


state 82

    (90) expresion -> REAL .

    PARENTESIS_B    reduce using rule 90 (expresion -> REAL .)
    SUMA            reduce using rule 90 (expresion -> REAL .)
    RESTA           reduce using rule 90 (expresion -> REAL .)
    MULTIPLICACION  reduce using rule 90 (expresion -> REAL .)
    DIVISION        reduce using rule 90 (expresion -> REAL .)
    MODULO          reduce using rule 90 (expresion -> REAL .)
    IGUAL           reduce using rule 90 (expresion -> REAL .)
    DIFERENTE       reduce using rule 90 (expresion -> REAL .)
    MENORQUE        reduce using rule 90 (expresion -> REAL .)
    MAYORQUE        reduce using rule 90 (expresion -> REAL .)
    MENORIGUAL      reduce using rule 90 (expresion -> REAL .)
    MAYORIGUAL      reduce using rule 90 (expresion -> REAL .)
    AND             reduce using rule 90 (expresion -> REAL .)
    OR              reduce using rule 90 (expresion -> REAL .)
    COMA            reduce using rule 90 (expresion -> REAL .)
    PUNTOCOMA       reduce using rule 90 (expresion -> REAL .)
    LLAVE_C         reduce using rule 90 (expresion -> REAL .)


state 83

    (91) expresion -> CADENA_TEXTO .

    PARENTESIS_B    reduce using rule 91 (expresion -> CADENA_TEXTO .)
    SUMA            reduce using rule 91 (expresion -> CADENA_TEXTO .)
    RESTA           reduce using rule 91 (expresion -> CADENA_TEXTO .)
    MULTIPLICACION  reduce using rule 91 (expresion -> CADENA_TEXTO .)
    DIVISION        reduce using rule 91 (expresion -> CADENA_TEXTO .)
    MODULO          reduce using rule 91 (expresion -> CADENA_TEXTO .)
    IGUAL           reduce using rule 91 (expresion -> CADENA_TEXTO .)
    DIFERENTE       reduce using rule 91 (expresion -> CADENA_TEXTO .)
    MENORQUE        reduce using rule 91 (expresion -> CADENA_TEXTO .)
    MAYORQUE        reduce using rule 91 (expresion -> CADENA_TEXTO .)
    MENORIGUAL      reduce using rule 91 (expresion -> CADENA_TEXTO .)
    MAYORIGUAL      reduce using rule 91 (expresion -> CADENA_TEXTO .)
    AND             reduce using rule 91 (expresion -> CADENA_TEXTO .)
    OR              reduce using rule 91 (expresion -> CADENA_TEXTO .)
    COMA            reduce using rule 91 (expresion -> CADENA_TEXTO .)
    PUNTOCOMA       reduce using rule 91 (expresion -> CADENA_TEXTO .)
    LLAVE_C         reduce using rule 91 (expresion -> CADENA_TEXTO .)


state 84

    (92) expresion -> TRUE .

    PARENTESIS_B    reduce using rule 92 (expresion -> TRUE .)
    SUMA            reduce using rule 92 (expresion -> TRUE .)
    RESTA           reduce using rule 92 (expresion -> TRUE .)
    MULTIPLICACION  reduce using rule 92 (expresion -> TRUE .)
    DIVISION        reduce using rule 92 (expresion -> TRUE .)
    MODULO          reduce using rule 92 (expresion -> TRUE .)
    IGUAL           reduce using rule 92 (expresion -> TRUE .)
    DIFERENTE       reduce using rule 92 (expresion -> TRUE .)
    MENORQUE        reduce using rule 92 (expresion -> TRUE .)
    MAYORQUE        reduce using rule 92 (expresion -> TRUE .)
    MENORIGUAL      reduce using rule 92 (expresion -> TRUE .)
    MAYORIGUAL      reduce using rule 92 (expresion -> TRUE .)
    AND             reduce using rule 92 (expresion -> TRUE .)
    OR              reduce using rule 92 (expresion -> TRUE .)
    COMA            reduce using rule 92 (expresion -> TRUE .)
    PUNTOCOMA       reduce using rule 92 (expresion -> TRUE .)
    LLAVE_C         reduce using rule 92 (expresion -> TRUE .)


state 85

    (93) expresion -> FALSE .

    PARENTESIS_B    reduce using rule 93 (expresion -> FALSE .)
    SUMA            reduce using rule 93 (expresion -> FALSE .)
    RESTA           reduce using rule 93 (expresion -> FALSE .)
    MULTIPLICACION  reduce using rule 93 (expresion -> FALSE .)
    DIVISION        reduce using rule 93 (expresion -> FALSE .)
    MODULO          reduce using rule 93 (expresion -> FALSE .)
    IGUAL           reduce using rule 93 (expresion -> FALSE .)
    DIFERENTE       reduce using rule 93 (expresion -> FALSE .)
    MENORQUE        reduce using rule 93 (expresion -> FALSE .)
    MAYORQUE        reduce using rule 93 (expresion -> FALSE .)
    MENORIGUAL      reduce using rule 93 (expresion -> FALSE .)
    MAYORIGUAL      reduce using rule 93 (expresion -> FALSE .)
    AND             reduce using rule 93 (expresion -> FALSE .)
    OR              reduce using rule 93 (expresion -> FALSE .)
    COMA            reduce using rule 93 (expresion -> FALSE .)
    PUNTOCOMA       reduce using rule 93 (expresion -> FALSE .)
    LLAVE_C         reduce using rule 93 (expresion -> FALSE .)


state 86

    (110) op_unario -> NOT .

    PARENTESIS_A    reduce using rule 110 (op_unario -> NOT .)
    ID              reduce using rule 110 (op_unario -> NOT .)
    NUMERO          reduce using rule 110 (op_unario -> NOT .)
    REAL            reduce using rule 110 (op_unario -> NOT .)
    CADENA_TEXTO    reduce using rule 110 (op_unario -> NOT .)
    TRUE            reduce using rule 110 (op_unario -> NOT .)
    FALSE           reduce using rule 110 (op_unario -> NOT .)
    NOT             reduce using rule 110 (op_unario -> NOT .)
    RESTA           reduce using rule 110 (op_unario -> NOT .)


state 87

    (111) op_unario -> RESTA .

    PARENTESIS_A    reduce using rule 111 (op_unario -> RESTA .)
    ID              reduce using rule 111 (op_unario -> RESTA .)
    NUMERO          reduce using rule 111 (op_unario -> RESTA .)
    REAL            reduce using rule 111 (op_unario -> RESTA .)
    CADENA_TEXTO    reduce using rule 111 (op_unario -> RESTA .)
    TRUE            reduce using rule 111 (op_unario -> RESTA .)
    FALSE           reduce using rule 111 (op_unario -> RESTA .)
    NOT             reduce using rule 111 (op_unario -> RESTA .)
    RESTA           reduce using rule 111 (op_unario -> RESTA .)


state 88

    (14) declaracion -> RETRASO PARENTESIS_A expresion . PARENTESIS_B PUNTOCOMA
    (83) expresion -> expresion . op_binario expresion
    (97) op_binario -> . SUMA
    (98) op_binario -> . RESTA
    (99) op_binario -> . MULTIPLICACION
    (100) op_binario -> . DIVISION
    (101) op_binario -> . MODULO
    (102) op_binario -> . IGUAL
    (103) op_binario -> . DIFERENTE
    (104) op_binario -> . MENORQUE
    (105) op_binario -> . MAYORQUE
    (106) op_binario -> . MENORIGUAL
    (107) op_binario -> . MAYORIGUAL
    (108) op_binario -> . AND
    (109) op_binario -> . OR

    PARENTESIS_B    shift and go to state 128
    SUMA            shift and go to state 112
    RESTA           shift and go to state 113
    MULTIPLICACION  shift and go to state 114
    DIVISION        shift and go to state 115
    MODULO          shift and go to state 116
    IGUAL           shift and go to state 117
    DIFERENTE       shift and go to state 118
    MENORQUE        shift and go to state 119
    MAYORQUE        shift and go to state 120
    MENORIGUAL      shift and go to state 121
    MAYORIGUAL      shift and go to state 122
    AND             shift and go to state 123
    OR              shift and go to state 124

    op_binario                     shift and go to state 111

state 89

    (15) declaracion -> tipo ID PUNTOCOMA .

    LLAVE_C         reduce using rule 15 (declaracion -> tipo ID PUNTOCOMA .)
    error           reduce using rule 15 (declaracion -> tipo ID PUNTOCOMA .)
    IMPRIMIR        reduce using rule 15 (declaracion -> tipo ID PUNTOCOMA .)
    RETRASO         reduce using rule 15 (declaracion -> tipo ID PUNTOCOMA .)
    ID              reduce using rule 15 (declaracion -> tipo ID PUNTOCOMA .)
    FUNC            reduce using rule 15 (declaracion -> tipo ID PUNTOCOMA .)
    ENTERO          reduce using rule 15 (declaracion -> tipo ID PUNTOCOMA .)
    REAL_TIPO       reduce using rule 15 (declaracion -> tipo ID PUNTOCOMA .)
    BOOLEANO        reduce using rule 15 (declaracion -> tipo ID PUNTOCOMA .)
    CADENA_TIPO     reduce using rule 15 (declaracion -> tipo ID PUNTOCOMA .)
    SI              reduce using rule 15 (declaracion -> tipo ID PUNTOCOMA .)
    MIENTRAS        reduce using rule 15 (declaracion -> tipo ID PUNTOCOMA .)
    PARA            reduce using rule 15 (declaracion -> tipo ID PUNTOCOMA .)
    ROMPER          reduce using rule 15 (declaracion -> tipo ID PUNTOCOMA .)
    SERVO           reduce using rule 15 (declaracion -> tipo ID PUNTOCOMA .)
    LED             reduce using rule 15 (declaracion -> tipo ID PUNTOCOMA .)
    MOTOR           reduce using rule 15 (declaracion -> tipo ID PUNTOCOMA .)
    SENSOR          reduce using rule 15 (declaracion -> tipo ID PUNTOCOMA .)
    BUZZER          reduce using rule 15 (declaracion -> tipo ID PUNTOCOMA .)
    SENSOR_ULTRASONICO reduce using rule 15 (declaracion -> tipo ID PUNTOCOMA .)
    SENSOR_COLOR    reduce using rule 15 (declaracion -> tipo ID PUNTOCOMA .)
    SENSOR_TOQUE    reduce using rule 15 (declaracion -> tipo ID PUNTOCOMA .)
    SENSOR_GIRO     reduce using rule 15 (declaracion -> tipo ID PUNTOCOMA .)
    RCX             reduce using rule 15 (declaracion -> tipo ID PUNTOCOMA .)
    NXT             reduce using rule 15 (declaracion -> tipo ID PUNTOCOMA .)
    EV3             reduce using rule 15 (declaracion -> tipo ID PUNTOCOMA .)
    HUB_SPIKE_PRIME reduce using rule 15 (declaracion -> tipo ID PUNTOCOMA .)
    HUB_SPIKE_ESSENTIAL reduce using rule 15 (declaracion -> tipo ID PUNTOCOMA .)
    HUB_ROBOT_INVENTOR reduce using rule 15 (declaracion -> tipo ID PUNTOCOMA .)
    HUB_TECHNIC_LARGE reduce using rule 15 (declaracion -> tipo ID PUNTOCOMA .)
    HUB_POWERED_UP  reduce using rule 15 (declaracion -> tipo ID PUNTOCOMA .)
    MOTOR_SERVO_GRANDE_EV3 reduce using rule 15 (declaracion -> tipo ID PUNTOCOMA .)
    MOTOR_SERVO_MEDIANO_EV3 reduce using rule 15 (declaracion -> tipo ID PUNTOCOMA .)
    SERVOMOTOR_NXT  reduce using rule 15 (declaracion -> tipo ID PUNTOCOMA .)
    MOTOR_ANGULAR_GRANDE reduce using rule 15 (declaracion -> tipo ID PUNTOCOMA .)
    MOTOR_ANGULAR_MEDIANO reduce using rule 15 (declaracion -> tipo ID PUNTOCOMA .)
    MOTOR_POWERED_UP_BOOST reduce using rule 15 (declaracion -> tipo ID PUNTOCOMA .)
    MOTOR_POWERED_UP reduce using rule 15 (declaracion -> tipo ID PUNTOCOMA .)
    MOTOR_BOOST     reduce using rule 15 (declaracion -> tipo ID PUNTOCOMA .)


state 90

    (16) declaracion -> tipo ID ASIGNACION . expresion PUNTOCOMA
    (19) declaracion -> tipo ID ASIGNACION . error PUNTOCOMA
    (83) expresion -> . expresion op_binario expresion
    (84) expresion -> . op_unario expresion
    (85) expresion -> . PARENTESIS_A expresion PARENTESIS_B
    (86) expresion -> . ID FLECHA VALOR PARENTESIS_A expresion_opt PARENTESIS_B
    (87) expresion -> . ID
    (88) expresion -> . ID CORCHETE_A NUMERO CORCHETE_B
    (89) expresion -> . NUMERO
    (90) expresion -> . REAL
    (91) expresion -> . CADENA_TEXTO
    (92) expresion -> . TRUE
    (93) expresion -> . FALSE
    (110) op_unario -> . NOT
    (111) op_unario -> . RESTA

    error           shift and go to state 130
    PARENTESIS_A    shift and go to state 77
    ID              shift and go to state 80
    NUMERO          shift and go to state 81
    REAL            shift and go to state 82
    CADENA_TEXTO    shift and go to state 83
    TRUE            shift and go to state 84
    FALSE           shift and go to state 85
    NOT             shift and go to state 86
    RESTA           shift and go to state 87

    expresion                      shift and go to state 129
    op_unario                      shift and go to state 79

state 91

    (17) declaracion -> tipo ID CORCHETE_A . NUMERO CORCHETE_B PUNTOCOMA

    NUMERO          shift and go to state 131


state 92

    (18) declaracion -> ID CORCHETE_A NUMERO . CORCHETE_B ASIGNACION expresion PUNTOCOMA

    CORCHETE_B      shift and go to state 132


state 93

    (20) declaracion -> ID PARENTESIS_A argumentos . PARENTESIS_B PUNTOCOMA

    PARENTESIS_B    shift and go to state 133


state 94

    (94) argumentos -> expresion .
    (95) argumentos -> expresion . COMA argumentos
    (83) expresion -> expresion . op_binario expresion
    (97) op_binario -> . SUMA
    (98) op_binario -> . RESTA
    (99) op_binario -> . MULTIPLICACION
    (100) op_binario -> . DIVISION
    (101) op_binario -> . MODULO
    (102) op_binario -> . IGUAL
    (103) op_binario -> . DIFERENTE
    (104) op_binario -> . MENORQUE
    (105) op_binario -> . MAYORQUE
    (106) op_binario -> . MENORIGUAL
    (107) op_binario -> . MAYORIGUAL
    (108) op_binario -> . AND
    (109) op_binario -> . OR

    PARENTESIS_B    reduce using rule 94 (argumentos -> expresion .)
    COMA            shift and go to state 134
    SUMA            shift and go to state 112
    RESTA           shift and go to state 113
    MULTIPLICACION  shift and go to state 114
    DIVISION        shift and go to state 115
    MODULO          shift and go to state 116
    IGUAL           shift and go to state 117
    DIFERENTE       shift and go to state 118
    MENORQUE        shift and go to state 119
    MAYORQUE        shift and go to state 120
    MENORIGUAL      shift and go to state 121
    MAYORIGUAL      shift and go to state 122
    AND             shift and go to state 123
    OR              shift and go to state 124

    op_binario                     shift and go to state 111

state 95

    (96) argumentos -> empty .

    PARENTESIS_B    reduce using rule 96 (argumentos -> empty .)


state 96

    (75) accion_dispositivo -> ID FLECHA accion . PARENTESIS_A expresion_opt PARENTESIS_B PUNTOCOMA

    PARENTESIS_A    shift and go to state 135


state 97

    (76) accion -> ENCENDER .

    PARENTESIS_A    reduce using rule 76 (accion -> ENCENDER .)


state 98

    (77) accion -> APAGAR .

    PARENTESIS_A    reduce using rule 77 (accion -> APAGAR .)


state 99

    (78) accion -> VALOR .

    PARENTESIS_A    reduce using rule 78 (accion -> VALOR .)


state 100

    (79) accion -> GIRARSERVO .

    PARENTESIS_A    reduce using rule 79 (accion -> GIRARSERVO .)


state 101

    (80) accion -> GIRARMOTOR .

    PARENTESIS_A    reduce using rule 80 (accion -> GIRARMOTOR .)


state 102

    (38) funcion -> FUNC ID PARENTESIS_A . parametros PARENTESIS_B bloque_codigo
    (39) parametros -> . parametro
    (40) parametros -> . parametro COMA parametros
    (41) parametros -> . empty
    (42) parametro -> . tipo ID
    (113) empty -> .
    (21) tipo -> . ENTERO
    (22) tipo -> . REAL_TIPO
    (23) tipo -> . BOOLEANO
    (24) tipo -> . CADENA_TIPO

    PARENTESIS_B    reduce using rule 113 (empty -> .)
    ENTERO          shift and go to state 24
    REAL_TIPO       shift and go to state 25
    BOOLEANO        shift and go to state 26
    CADENA_TIPO     shift and go to state 27

    parametros                     shift and go to state 136
    parametro                      shift and go to state 137
    empty                          shift and go to state 138
    tipo                           shift and go to state 139

state 103

    (29) si -> SI PARENTESIS_A expresion . PARENTESIS_B bloque_codigo
    (30) si -> SI PARENTESIS_A expresion . PARENTESIS_B bloque_codigo ID bloque_codigo
    (83) expresion -> expresion . op_binario expresion
    (97) op_binario -> . SUMA
    (98) op_binario -> . RESTA
    (99) op_binario -> . MULTIPLICACION
    (100) op_binario -> . DIVISION
    (101) op_binario -> . MODULO
    (102) op_binario -> . IGUAL
    (103) op_binario -> . DIFERENTE
    (104) op_binario -> . MENORQUE
    (105) op_binario -> . MAYORQUE
    (106) op_binario -> . MENORIGUAL
    (107) op_binario -> . MAYORIGUAL
    (108) op_binario -> . AND
    (109) op_binario -> . OR

    PARENTESIS_B    shift and go to state 140
    SUMA            shift and go to state 112
    RESTA           shift and go to state 113
    MULTIPLICACION  shift and go to state 114
    DIVISION        shift and go to state 115
    MODULO          shift and go to state 116
    IGUAL           shift and go to state 117
    DIFERENTE       shift and go to state 118
    MENORQUE        shift and go to state 119
    MAYORQUE        shift and go to state 120
    MENORIGUAL      shift and go to state 121
    MAYORIGUAL      shift and go to state 122
    AND             shift and go to state 123
    OR              shift and go to state 124

    op_binario                     shift and go to state 111

state 104

    (31) mientras -> MIENTRAS PARENTESIS_A expresion . PARENTESIS_B bloque_codigo
    (83) expresion -> expresion . op_binario expresion
    (97) op_binario -> . SUMA
    (98) op_binario -> . RESTA
    (99) op_binario -> . MULTIPLICACION
    (100) op_binario -> . DIVISION
    (101) op_binario -> . MODULO
    (102) op_binario -> . IGUAL
    (103) op_binario -> . DIFERENTE
    (104) op_binario -> . MENORQUE
    (105) op_binario -> . MAYORQUE
    (106) op_binario -> . MENORIGUAL
    (107) op_binario -> . MAYORIGUAL
    (108) op_binario -> . AND
    (109) op_binario -> . OR

    PARENTESIS_B    shift and go to state 141
    SUMA            shift and go to state 112
    RESTA           shift and go to state 113
    MULTIPLICACION  shift and go to state 114
    DIVISION        shift and go to state 115
    MODULO          shift and go to state 116
    IGUAL           shift and go to state 117
    DIFERENTE       shift and go to state 118
    MENORQUE        shift and go to state 119
    MAYORQUE        shift and go to state 120
    MENORIGUAL      shift and go to state 121
    MAYORIGUAL      shift and go to state 122
    AND             shift and go to state 123
    OR              shift and go to state 124

    op_binario                     shift and go to state 111

state 105

    (32) para -> PARA PARENTESIS_A asignacion_para . PUNTOCOMA expresion PUNTOCOMA actualizacion_para PARENTESIS_B bloque_codigo

    PUNTOCOMA       shift and go to state 142


state 106

    (33) asignacion_para -> tipo . ID ASIGNACION expresion

    ID              shift and go to state 143


state 107

    (34) asignacion_para -> ID . ASIGNACION expresion

    ASIGNACION      shift and go to state 144


state 108

    (70) definir_dispositivo -> tipo_dispositivo ID ASIGNACION . objeto_dispositivo PUNTOCOMA
    (71) objeto_dispositivo -> . LLAVE_A lista_atributos LLAVE_C

    LLAVE_A         shift and go to state 146

    objeto_dispositivo             shift and go to state 145

state 109

    (85) expresion -> PARENTESIS_A expresion . PARENTESIS_B
    (83) expresion -> expresion . op_binario expresion
    (97) op_binario -> . SUMA
    (98) op_binario -> . RESTA
    (99) op_binario -> . MULTIPLICACION
    (100) op_binario -> . DIVISION
    (101) op_binario -> . MODULO
    (102) op_binario -> . IGUAL
    (103) op_binario -> . DIFERENTE
    (104) op_binario -> . MENORQUE
    (105) op_binario -> . MAYORQUE
    (106) op_binario -> . MENORIGUAL
    (107) op_binario -> . MAYORIGUAL
    (108) op_binario -> . AND
    (109) op_binario -> . OR

    PARENTESIS_B    shift and go to state 147
    SUMA            shift and go to state 112
    RESTA           shift and go to state 113
    MULTIPLICACION  shift and go to state 114
    DIVISION        shift and go to state 115
    MODULO          shift and go to state 116
    IGUAL           shift and go to state 117
    DIFERENTE       shift and go to state 118
    MENORQUE        shift and go to state 119
    MAYORQUE        shift and go to state 120
    MENORIGUAL      shift and go to state 121
    MAYORIGUAL      shift and go to state 122
    AND             shift and go to state 123
    OR              shift and go to state 124

    op_binario                     shift and go to state 111

state 110

    (13) declaracion -> IMPRIMIR PARENTESIS_A expresion PARENTESIS_B . PUNTOCOMA

    PUNTOCOMA       shift and go to state 148


state 111

    (83) expresion -> expresion op_binario . expresion
    (83) expresion -> . expresion op_binario expresion
    (84) expresion -> . op_unario expresion
    (85) expresion -> . PARENTESIS_A expresion PARENTESIS_B
    (86) expresion -> . ID FLECHA VALOR PARENTESIS_A expresion_opt PARENTESIS_B
    (87) expresion -> . ID
    (88) expresion -> . ID CORCHETE_A NUMERO CORCHETE_B
    (89) expresion -> . NUMERO
    (90) expresion -> . REAL
    (91) expresion -> . CADENA_TEXTO
    (92) expresion -> . TRUE
    (93) expresion -> . FALSE
    (110) op_unario -> . NOT
    (111) op_unario -> . RESTA

    PARENTESIS_A    shift and go to state 77
    ID              shift and go to state 80
    NUMERO          shift and go to state 81
    REAL            shift and go to state 82
    CADENA_TEXTO    shift and go to state 83
    TRUE            shift and go to state 84
    FALSE           shift and go to state 85
    NOT             shift and go to state 86
    RESTA           shift and go to state 87

    expresion                      shift and go to state 149
    op_unario                      shift and go to state 79

state 112

    (97) op_binario -> SUMA .

    PARENTESIS_A    reduce using rule 97 (op_binario -> SUMA .)
    ID              reduce using rule 97 (op_binario -> SUMA .)
    NUMERO          reduce using rule 97 (op_binario -> SUMA .)
    REAL            reduce using rule 97 (op_binario -> SUMA .)
    CADENA_TEXTO    reduce using rule 97 (op_binario -> SUMA .)
    TRUE            reduce using rule 97 (op_binario -> SUMA .)
    FALSE           reduce using rule 97 (op_binario -> SUMA .)
    NOT             reduce using rule 97 (op_binario -> SUMA .)
    RESTA           reduce using rule 97 (op_binario -> SUMA .)


state 113

    (98) op_binario -> RESTA .

    PARENTESIS_A    reduce using rule 98 (op_binario -> RESTA .)
    ID              reduce using rule 98 (op_binario -> RESTA .)
    NUMERO          reduce using rule 98 (op_binario -> RESTA .)
    REAL            reduce using rule 98 (op_binario -> RESTA .)
    CADENA_TEXTO    reduce using rule 98 (op_binario -> RESTA .)
    TRUE            reduce using rule 98 (op_binario -> RESTA .)
    FALSE           reduce using rule 98 (op_binario -> RESTA .)
    NOT             reduce using rule 98 (op_binario -> RESTA .)
    RESTA           reduce using rule 98 (op_binario -> RESTA .)


state 114

    (99) op_binario -> MULTIPLICACION .

    PARENTESIS_A    reduce using rule 99 (op_binario -> MULTIPLICACION .)
    ID              reduce using rule 99 (op_binario -> MULTIPLICACION .)
    NUMERO          reduce using rule 99 (op_binario -> MULTIPLICACION .)
    REAL            reduce using rule 99 (op_binario -> MULTIPLICACION .)
    CADENA_TEXTO    reduce using rule 99 (op_binario -> MULTIPLICACION .)
    TRUE            reduce using rule 99 (op_binario -> MULTIPLICACION .)
    FALSE           reduce using rule 99 (op_binario -> MULTIPLICACION .)
    NOT             reduce using rule 99 (op_binario -> MULTIPLICACION .)
    RESTA           reduce using rule 99 (op_binario -> MULTIPLICACION .)


state 115

    (100) op_binario -> DIVISION .

    PARENTESIS_A    reduce using rule 100 (op_binario -> DIVISION .)
    ID              reduce using rule 100 (op_binario -> DIVISION .)
    NUMERO          reduce using rule 100 (op_binario -> DIVISION .)
    REAL            reduce using rule 100 (op_binario -> DIVISION .)
    CADENA_TEXTO    reduce using rule 100 (op_binario -> DIVISION .)
    TRUE            reduce using rule 100 (op_binario -> DIVISION .)
    FALSE           reduce using rule 100 (op_binario -> DIVISION .)
    NOT             reduce using rule 100 (op_binario -> DIVISION .)
    RESTA           reduce using rule 100 (op_binario -> DIVISION .)


state 116

    (101) op_binario -> MODULO .

    PARENTESIS_A    reduce using rule 101 (op_binario -> MODULO .)
    ID              reduce using rule 101 (op_binario -> MODULO .)
    NUMERO          reduce using rule 101 (op_binario -> MODULO .)
    REAL            reduce using rule 101 (op_binario -> MODULO .)
    CADENA_TEXTO    reduce using rule 101 (op_binario -> MODULO .)
    TRUE            reduce using rule 101 (op_binario -> MODULO .)
    FALSE           reduce using rule 101 (op_binario -> MODULO .)
    NOT             reduce using rule 101 (op_binario -> MODULO .)
    RESTA           reduce using rule 101 (op_binario -> MODULO .)


state 117

    (102) op_binario -> IGUAL .

    PARENTESIS_A    reduce using rule 102 (op_binario -> IGUAL .)
    ID              reduce using rule 102 (op_binario -> IGUAL .)
    NUMERO          reduce using rule 102 (op_binario -> IGUAL .)
    REAL            reduce using rule 102 (op_binario -> IGUAL .)
    CADENA_TEXTO    reduce using rule 102 (op_binario -> IGUAL .)
    TRUE            reduce using rule 102 (op_binario -> IGUAL .)
    FALSE           reduce using rule 102 (op_binario -> IGUAL .)
    NOT             reduce using rule 102 (op_binario -> IGUAL .)
    RESTA           reduce using rule 102 (op_binario -> IGUAL .)


state 118

    (103) op_binario -> DIFERENTE .

    PARENTESIS_A    reduce using rule 103 (op_binario -> DIFERENTE .)
    ID              reduce using rule 103 (op_binario -> DIFERENTE .)
    NUMERO          reduce using rule 103 (op_binario -> DIFERENTE .)
    REAL            reduce using rule 103 (op_binario -> DIFERENTE .)
    CADENA_TEXTO    reduce using rule 103 (op_binario -> DIFERENTE .)
    TRUE            reduce using rule 103 (op_binario -> DIFERENTE .)
    FALSE           reduce using rule 103 (op_binario -> DIFERENTE .)
    NOT             reduce using rule 103 (op_binario -> DIFERENTE .)
    RESTA           reduce using rule 103 (op_binario -> DIFERENTE .)


state 119

    (104) op_binario -> MENORQUE .

    PARENTESIS_A    reduce using rule 104 (op_binario -> MENORQUE .)
    ID              reduce using rule 104 (op_binario -> MENORQUE .)
    NUMERO          reduce using rule 104 (op_binario -> MENORQUE .)
    REAL            reduce using rule 104 (op_binario -> MENORQUE .)
    CADENA_TEXTO    reduce using rule 104 (op_binario -> MENORQUE .)
    TRUE            reduce using rule 104 (op_binario -> MENORQUE .)
    FALSE           reduce using rule 104 (op_binario -> MENORQUE .)
    NOT             reduce using rule 104 (op_binario -> MENORQUE .)
    RESTA           reduce using rule 104 (op_binario -> MENORQUE .)


state 120

    (105) op_binario -> MAYORQUE .

    PARENTESIS_A    reduce using rule 105 (op_binario -> MAYORQUE .)
    ID              reduce using rule 105 (op_binario -> MAYORQUE .)
    NUMERO          reduce using rule 105 (op_binario -> MAYORQUE .)
    REAL            reduce using rule 105 (op_binario -> MAYORQUE .)
    CADENA_TEXTO    reduce using rule 105 (op_binario -> MAYORQUE .)
    TRUE            reduce using rule 105 (op_binario -> MAYORQUE .)
    FALSE           reduce using rule 105 (op_binario -> MAYORQUE .)
    NOT             reduce using rule 105 (op_binario -> MAYORQUE .)
    RESTA           reduce using rule 105 (op_binario -> MAYORQUE .)


state 121

    (106) op_binario -> MENORIGUAL .

    PARENTESIS_A    reduce using rule 106 (op_binario -> MENORIGUAL .)
    ID              reduce using rule 106 (op_binario -> MENORIGUAL .)
    NUMERO          reduce using rule 106 (op_binario -> MENORIGUAL .)
    REAL            reduce using rule 106 (op_binario -> MENORIGUAL .)
    CADENA_TEXTO    reduce using rule 106 (op_binario -> MENORIGUAL .)
    TRUE            reduce using rule 106 (op_binario -> MENORIGUAL .)
    FALSE           reduce using rule 106 (op_binario -> MENORIGUAL .)
    NOT             reduce using rule 106 (op_binario -> MENORIGUAL .)
    RESTA           reduce using rule 106 (op_binario -> MENORIGUAL .)


state 122

    (107) op_binario -> MAYORIGUAL .

    PARENTESIS_A    reduce using rule 107 (op_binario -> MAYORIGUAL .)
    ID              reduce using rule 107 (op_binario -> MAYORIGUAL .)
    NUMERO          reduce using rule 107 (op_binario -> MAYORIGUAL .)
    REAL            reduce using rule 107 (op_binario -> MAYORIGUAL .)
    CADENA_TEXTO    reduce using rule 107 (op_binario -> MAYORIGUAL .)
    TRUE            reduce using rule 107 (op_binario -> MAYORIGUAL .)
    FALSE           reduce using rule 107 (op_binario -> MAYORIGUAL .)
    NOT             reduce using rule 107 (op_binario -> MAYORIGUAL .)
    RESTA           reduce using rule 107 (op_binario -> MAYORIGUAL .)


state 123

    (108) op_binario -> AND .

    PARENTESIS_A    reduce using rule 108 (op_binario -> AND .)
    ID              reduce using rule 108 (op_binario -> AND .)
    NUMERO          reduce using rule 108 (op_binario -> AND .)
    REAL            reduce using rule 108 (op_binario -> AND .)
    CADENA_TEXTO    reduce using rule 108 (op_binario -> AND .)
    TRUE            reduce using rule 108 (op_binario -> AND .)
    FALSE           reduce using rule 108 (op_binario -> AND .)
    NOT             reduce using rule 108 (op_binario -> AND .)
    RESTA           reduce using rule 108 (op_binario -> AND .)


state 124

    (109) op_binario -> OR .

    PARENTESIS_A    reduce using rule 109 (op_binario -> OR .)
    ID              reduce using rule 109 (op_binario -> OR .)
    NUMERO          reduce using rule 109 (op_binario -> OR .)
    REAL            reduce using rule 109 (op_binario -> OR .)
    CADENA_TEXTO    reduce using rule 109 (op_binario -> OR .)
    TRUE            reduce using rule 109 (op_binario -> OR .)
    FALSE           reduce using rule 109 (op_binario -> OR .)
    NOT             reduce using rule 109 (op_binario -> OR .)
    RESTA           reduce using rule 109 (op_binario -> OR .)


state 125

    (84) expresion -> op_unario expresion .
    (83) expresion -> expresion . op_binario expresion
    (97) op_binario -> . SUMA
    (98) op_binario -> . RESTA
    (99) op_binario -> . MULTIPLICACION
    (100) op_binario -> . DIVISION
    (101) op_binario -> . MODULO
    (102) op_binario -> . IGUAL
    (103) op_binario -> . DIFERENTE
    (104) op_binario -> . MENORQUE
    (105) op_binario -> . MAYORQUE
    (106) op_binario -> . MENORIGUAL
    (107) op_binario -> . MAYORIGUAL
    (108) op_binario -> . AND
    (109) op_binario -> . OR

  ! shift/reduce conflict for SUMA resolved as shift
  ! shift/reduce conflict for RESTA resolved as shift
  ! shift/reduce conflict for MULTIPLICACION resolved as shift
  ! shift/reduce conflict for DIVISION resolved as shift
  ! shift/reduce conflict for MODULO resolved as shift
  ! shift/reduce conflict for IGUAL resolved as shift
  ! shift/reduce conflict for DIFERENTE resolved as shift
  ! shift/reduce conflict for MENORQUE resolved as shift
  ! shift/reduce conflict for MAYORQUE resolved as shift
  ! shift/reduce conflict for MENORIGUAL resolved as shift
  ! shift/reduce conflict for MAYORIGUAL resolved as shift
  ! shift/reduce conflict for AND resolved as shift
  ! shift/reduce conflict for OR resolved as shift
    PARENTESIS_B    reduce using rule 84 (expresion -> op_unario expresion .)
    COMA            reduce using rule 84 (expresion -> op_unario expresion .)
    PUNTOCOMA       reduce using rule 84 (expresion -> op_unario expresion .)
    LLAVE_C         reduce using rule 84 (expresion -> op_unario expresion .)
    SUMA            shift and go to state 112
    RESTA           shift and go to state 113
    MULTIPLICACION  shift and go to state 114
    DIVISION        shift and go to state 115
    MODULO          shift and go to state 116
    IGUAL           shift and go to state 117
    DIFERENTE       shift and go to state 118
    MENORQUE        shift and go to state 119
    MAYORQUE        shift and go to state 120
    MENORIGUAL      shift and go to state 121
    MAYORIGUAL      shift and go to state 122
    AND             shift and go to state 123
    OR              shift and go to state 124

  ! SUMA            [ reduce using rule 84 (expresion -> op_unario expresion .) ]
  ! RESTA           [ reduce using rule 84 (expresion -> op_unario expresion .) ]
  ! MULTIPLICACION  [ reduce using rule 84 (expresion -> op_unario expresion .) ]
  ! DIVISION        [ reduce using rule 84 (expresion -> op_unario expresion .) ]
  ! MODULO          [ reduce using rule 84 (expresion -> op_unario expresion .) ]
  ! IGUAL           [ reduce using rule 84 (expresion -> op_unario expresion .) ]
  ! DIFERENTE       [ reduce using rule 84 (expresion -> op_unario expresion .) ]
  ! MENORQUE        [ reduce using rule 84 (expresion -> op_unario expresion .) ]
  ! MAYORQUE        [ reduce using rule 84 (expresion -> op_unario expresion .) ]
  ! MENORIGUAL      [ reduce using rule 84 (expresion -> op_unario expresion .) ]
  ! MAYORIGUAL      [ reduce using rule 84 (expresion -> op_unario expresion .) ]
  ! AND             [ reduce using rule 84 (expresion -> op_unario expresion .) ]
  ! OR              [ reduce using rule 84 (expresion -> op_unario expresion .) ]

    op_binario                     shift and go to state 111

state 126

    (86) expresion -> ID FLECHA . VALOR PARENTESIS_A expresion_opt PARENTESIS_B

    VALOR           shift and go to state 150


state 127

    (88) expresion -> ID CORCHETE_A . NUMERO CORCHETE_B

    NUMERO          shift and go to state 151


state 128

    (14) declaracion -> RETRASO PARENTESIS_A expresion PARENTESIS_B . PUNTOCOMA

    PUNTOCOMA       shift and go to state 152


state 129

    (16) declaracion -> tipo ID ASIGNACION expresion . PUNTOCOMA
    (83) expresion -> expresion . op_binario expresion
    (97) op_binario -> . SUMA
    (98) op_binario -> . RESTA
    (99) op_binario -> . MULTIPLICACION
    (100) op_binario -> . DIVISION
    (101) op_binario -> . MODULO
    (102) op_binario -> . IGUAL
    (103) op_binario -> . DIFERENTE
    (104) op_binario -> . MENORQUE
    (105) op_binario -> . MAYORQUE
    (106) op_binario -> . MENORIGUAL
    (107) op_binario -> . MAYORIGUAL
    (108) op_binario -> . AND
    (109) op_binario -> . OR

    PUNTOCOMA       shift and go to state 153
    SUMA            shift and go to state 112
    RESTA           shift and go to state 113
    MULTIPLICACION  shift and go to state 114
    DIVISION        shift and go to state 115
    MODULO          shift and go to state 116
    IGUAL           shift and go to state 117
    DIFERENTE       shift and go to state 118
    MENORQUE        shift and go to state 119
    MAYORQUE        shift and go to state 120
    MENORIGUAL      shift and go to state 121
    MAYORIGUAL      shift and go to state 122
    AND             shift and go to state 123
    OR              shift and go to state 124

    op_binario                     shift and go to state 111

state 130

    (19) declaracion -> tipo ID ASIGNACION error . PUNTOCOMA

    PUNTOCOMA       shift and go to state 154


state 131

    (17) declaracion -> tipo ID CORCHETE_A NUMERO . CORCHETE_B PUNTOCOMA

    CORCHETE_B      shift and go to state 155


state 132

    (18) declaracion -> ID CORCHETE_A NUMERO CORCHETE_B . ASIGNACION expresion PUNTOCOMA

    ASIGNACION      shift and go to state 156


state 133

    (20) declaracion -> ID PARENTESIS_A argumentos PARENTESIS_B . PUNTOCOMA

    PUNTOCOMA       shift and go to state 157


state 134

    (95) argumentos -> expresion COMA . argumentos
    (94) argumentos -> . expresion
    (95) argumentos -> . expresion COMA argumentos
    (96) argumentos -> . empty
    (83) expresion -> . expresion op_binario expresion
    (84) expresion -> . op_unario expresion
    (85) expresion -> . PARENTESIS_A expresion PARENTESIS_B
    (86) expresion -> . ID FLECHA VALOR PARENTESIS_A expresion_opt PARENTESIS_B
    (87) expresion -> . ID
    (88) expresion -> . ID CORCHETE_A NUMERO CORCHETE_B
    (89) expresion -> . NUMERO
    (90) expresion -> . REAL
    (91) expresion -> . CADENA_TEXTO
    (92) expresion -> . TRUE
    (93) expresion -> . FALSE
    (113) empty -> .
    (110) op_unario -> . NOT
    (111) op_unario -> . RESTA

    PARENTESIS_A    shift and go to state 77
    ID              shift and go to state 80
    NUMERO          shift and go to state 81
    REAL            shift and go to state 82
    CADENA_TEXTO    shift and go to state 83
    TRUE            shift and go to state 84
    FALSE           shift and go to state 85
    PARENTESIS_B    reduce using rule 113 (empty -> .)
    NOT             shift and go to state 86
    RESTA           shift and go to state 87

    expresion                      shift and go to state 94
    argumentos                     shift and go to state 158
    empty                          shift and go to state 95
    op_unario                      shift and go to state 79

state 135

    (75) accion_dispositivo -> ID FLECHA accion PARENTESIS_A . expresion_opt PARENTESIS_B PUNTOCOMA
    (81) expresion_opt -> . expresion
    (82) expresion_opt -> . empty
    (83) expresion -> . expresion op_binario expresion
    (84) expresion -> . op_unario expresion
    (85) expresion -> . PARENTESIS_A expresion PARENTESIS_B
    (86) expresion -> . ID FLECHA VALOR PARENTESIS_A expresion_opt PARENTESIS_B
    (87) expresion -> . ID
    (88) expresion -> . ID CORCHETE_A NUMERO CORCHETE_B
    (89) expresion -> . NUMERO
    (90) expresion -> . REAL
    (91) expresion -> . CADENA_TEXTO
    (92) expresion -> . TRUE
    (93) expresion -> . FALSE
    (113) empty -> .
    (110) op_unario -> . NOT
    (111) op_unario -> . RESTA

    PARENTESIS_A    shift and go to state 77
    ID              shift and go to state 80
    NUMERO          shift and go to state 81
    REAL            shift and go to state 82
    CADENA_TEXTO    shift and go to state 83
    TRUE            shift and go to state 84
    FALSE           shift and go to state 85
    PARENTESIS_B    reduce using rule 113 (empty -> .)
    NOT             shift and go to state 86
    RESTA           shift and go to state 87

    expresion_opt                  shift and go to state 159
    expresion                      shift and go to state 160
    empty                          shift and go to state 161
    op_unario                      shift and go to state 79

state 136

    (38) funcion -> FUNC ID PARENTESIS_A parametros . PARENTESIS_B bloque_codigo

    PARENTESIS_B    shift and go to state 162


state 137

    (39) parametros -> parametro .
    (40) parametros -> parametro . COMA parametros

    PARENTESIS_B    reduce using rule 39 (parametros -> parametro .)
    COMA            shift and go to state 163


state 138

    (41) parametros -> empty .

    PARENTESIS_B    reduce using rule 41 (parametros -> empty .)


state 139

    (42) parametro -> tipo . ID

    ID              shift and go to state 164


state 140

    (29) si -> SI PARENTESIS_A expresion PARENTESIS_B . bloque_codigo
    (30) si -> SI PARENTESIS_A expresion PARENTESIS_B . bloque_codigo ID bloque_codigo
    (3) bloque_codigo -> . LLAVE_A lista_declaraciones LLAVE_C
    (4) bloque_codigo -> . LLAVE_A lista_declaraciones error

    LLAVE_A         shift and go to state 5

    bloque_codigo                  shift and go to state 165

state 141

    (31) mientras -> MIENTRAS PARENTESIS_A expresion PARENTESIS_B . bloque_codigo
    (3) bloque_codigo -> . LLAVE_A lista_declaraciones LLAVE_C
    (4) bloque_codigo -> . LLAVE_A lista_declaraciones error

    LLAVE_A         shift and go to state 5

    bloque_codigo                  shift and go to state 166

state 142

    (32) para -> PARA PARENTESIS_A asignacion_para PUNTOCOMA . expresion PUNTOCOMA actualizacion_para PARENTESIS_B bloque_codigo
    (83) expresion -> . expresion op_binario expresion
    (84) expresion -> . op_unario expresion
    (85) expresion -> . PARENTESIS_A expresion PARENTESIS_B
    (86) expresion -> . ID FLECHA VALOR PARENTESIS_A expresion_opt PARENTESIS_B
    (87) expresion -> . ID
    (88) expresion -> . ID CORCHETE_A NUMERO CORCHETE_B
    (89) expresion -> . NUMERO
    (90) expresion -> . REAL
    (91) expresion -> . CADENA_TEXTO
    (92) expresion -> . TRUE
    (93) expresion -> . FALSE
    (110) op_unario -> . NOT
    (111) op_unario -> . RESTA

    PARENTESIS_A    shift and go to state 77
    ID              shift and go to state 80
    NUMERO          shift and go to state 81
    REAL            shift and go to state 82
    CADENA_TEXTO    shift and go to state 83
    TRUE            shift and go to state 84
    FALSE           shift and go to state 85
    NOT             shift and go to state 86
    RESTA           shift and go to state 87

    expresion                      shift and go to state 167
    op_unario                      shift and go to state 79

state 143

    (33) asignacion_para -> tipo ID . ASIGNACION expresion

    ASIGNACION      shift and go to state 168


state 144

    (34) asignacion_para -> ID ASIGNACION . expresion
    (83) expresion -> . expresion op_binario expresion
    (84) expresion -> . op_unario expresion
    (85) expresion -> . PARENTESIS_A expresion PARENTESIS_B
    (86) expresion -> . ID FLECHA VALOR PARENTESIS_A expresion_opt PARENTESIS_B
    (87) expresion -> . ID
    (88) expresion -> . ID CORCHETE_A NUMERO CORCHETE_B
    (89) expresion -> . NUMERO
    (90) expresion -> . REAL
    (91) expresion -> . CADENA_TEXTO
    (92) expresion -> . TRUE
    (93) expresion -> . FALSE
    (110) op_unario -> . NOT
    (111) op_unario -> . RESTA

    PARENTESIS_A    shift and go to state 77
    ID              shift and go to state 80
    NUMERO          shift and go to state 81
    REAL            shift and go to state 82
    CADENA_TEXTO    shift and go to state 83
    TRUE            shift and go to state 84
    FALSE           shift and go to state 85
    NOT             shift and go to state 86
    RESTA           shift and go to state 87

    expresion                      shift and go to state 169
    op_unario                      shift and go to state 79

state 145

    (70) definir_dispositivo -> tipo_dispositivo ID ASIGNACION objeto_dispositivo . PUNTOCOMA

    PUNTOCOMA       shift and go to state 170


state 146

    (71) objeto_dispositivo -> LLAVE_A . lista_atributos LLAVE_C
    (72) lista_atributos -> . lista_atributos COMA atributo
    (73) lista_atributos -> . atributo
    (74) atributo -> . ID ASIGNACION expresion

    ID              shift and go to state 173

    lista_atributos                shift and go to state 171
    atributo                       shift and go to state 172

state 147

    (85) expresion -> PARENTESIS_A expresion PARENTESIS_B .

    PARENTESIS_B    reduce using rule 85 (expresion -> PARENTESIS_A expresion PARENTESIS_B .)
    SUMA            reduce using rule 85 (expresion -> PARENTESIS_A expresion PARENTESIS_B .)
    RESTA           reduce using rule 85 (expresion -> PARENTESIS_A expresion PARENTESIS_B .)
    MULTIPLICACION  reduce using rule 85 (expresion -> PARENTESIS_A expresion PARENTESIS_B .)
    DIVISION        reduce using rule 85 (expresion -> PARENTESIS_A expresion PARENTESIS_B .)
    MODULO          reduce using rule 85 (expresion -> PARENTESIS_A expresion PARENTESIS_B .)
    IGUAL           reduce using rule 85 (expresion -> PARENTESIS_A expresion PARENTESIS_B .)
    DIFERENTE       reduce using rule 85 (expresion -> PARENTESIS_A expresion PARENTESIS_B .)
    MENORQUE        reduce using rule 85 (expresion -> PARENTESIS_A expresion PARENTESIS_B .)
    MAYORQUE        reduce using rule 85 (expresion -> PARENTESIS_A expresion PARENTESIS_B .)
    MENORIGUAL      reduce using rule 85 (expresion -> PARENTESIS_A expresion PARENTESIS_B .)
    MAYORIGUAL      reduce using rule 85 (expresion -> PARENTESIS_A expresion PARENTESIS_B .)
    AND             reduce using rule 85 (expresion -> PARENTESIS_A expresion PARENTESIS_B .)
    OR              reduce using rule 85 (expresion -> PARENTESIS_A expresion PARENTESIS_B .)
    COMA            reduce using rule 85 (expresion -> PARENTESIS_A expresion PARENTESIS_B .)
    PUNTOCOMA       reduce using rule 85 (expresion -> PARENTESIS_A expresion PARENTESIS_B .)
    LLAVE_C         reduce using rule 85 (expresion -> PARENTESIS_A expresion PARENTESIS_B .)


state 148

    (13) declaracion -> IMPRIMIR PARENTESIS_A expresion PARENTESIS_B PUNTOCOMA .

    LLAVE_C         reduce using rule 13 (declaracion -> IMPRIMIR PARENTESIS_A expresion PARENTESIS_B PUNTOCOMA .)
    error           reduce using rule 13 (declaracion -> IMPRIMIR PARENTESIS_A expresion PARENTESIS_B PUNTOCOMA .)
    IMPRIMIR        reduce using rule 13 (declaracion -> IMPRIMIR PARENTESIS_A expresion PARENTESIS_B PUNTOCOMA .)
    RETRASO         reduce using rule 13 (declaracion -> IMPRIMIR PARENTESIS_A expresion PARENTESIS_B PUNTOCOMA .)
    ID              reduce using rule 13 (declaracion -> IMPRIMIR PARENTESIS_A expresion PARENTESIS_B PUNTOCOMA .)
    FUNC            reduce using rule 13 (declaracion -> IMPRIMIR PARENTESIS_A expresion PARENTESIS_B PUNTOCOMA .)
    ENTERO          reduce using rule 13 (declaracion -> IMPRIMIR PARENTESIS_A expresion PARENTESIS_B PUNTOCOMA .)
    REAL_TIPO       reduce using rule 13 (declaracion -> IMPRIMIR PARENTESIS_A expresion PARENTESIS_B PUNTOCOMA .)
    BOOLEANO        reduce using rule 13 (declaracion -> IMPRIMIR PARENTESIS_A expresion PARENTESIS_B PUNTOCOMA .)
    CADENA_TIPO     reduce using rule 13 (declaracion -> IMPRIMIR PARENTESIS_A expresion PARENTESIS_B PUNTOCOMA .)
    SI              reduce using rule 13 (declaracion -> IMPRIMIR PARENTESIS_A expresion PARENTESIS_B PUNTOCOMA .)
    MIENTRAS        reduce using rule 13 (declaracion -> IMPRIMIR PARENTESIS_A expresion PARENTESIS_B PUNTOCOMA .)
    PARA            reduce using rule 13 (declaracion -> IMPRIMIR PARENTESIS_A expresion PARENTESIS_B PUNTOCOMA .)
    ROMPER          reduce using rule 13 (declaracion -> IMPRIMIR PARENTESIS_A expresion PARENTESIS_B PUNTOCOMA .)
    SERVO           reduce using rule 13 (declaracion -> IMPRIMIR PARENTESIS_A expresion PARENTESIS_B PUNTOCOMA .)
    LED             reduce using rule 13 (declaracion -> IMPRIMIR PARENTESIS_A expresion PARENTESIS_B PUNTOCOMA .)
    MOTOR           reduce using rule 13 (declaracion -> IMPRIMIR PARENTESIS_A expresion PARENTESIS_B PUNTOCOMA .)
    SENSOR          reduce using rule 13 (declaracion -> IMPRIMIR PARENTESIS_A expresion PARENTESIS_B PUNTOCOMA .)
    BUZZER          reduce using rule 13 (declaracion -> IMPRIMIR PARENTESIS_A expresion PARENTESIS_B PUNTOCOMA .)
    SENSOR_ULTRASONICO reduce using rule 13 (declaracion -> IMPRIMIR PARENTESIS_A expresion PARENTESIS_B PUNTOCOMA .)
    SENSOR_COLOR    reduce using rule 13 (declaracion -> IMPRIMIR PARENTESIS_A expresion PARENTESIS_B PUNTOCOMA .)
    SENSOR_TOQUE    reduce using rule 13 (declaracion -> IMPRIMIR PARENTESIS_A expresion PARENTESIS_B PUNTOCOMA .)
    SENSOR_GIRO     reduce using rule 13 (declaracion -> IMPRIMIR PARENTESIS_A expresion PARENTESIS_B PUNTOCOMA .)
    RCX             reduce using rule 13 (declaracion -> IMPRIMIR PARENTESIS_A expresion PARENTESIS_B PUNTOCOMA .)
    NXT             reduce using rule 13 (declaracion -> IMPRIMIR PARENTESIS_A expresion PARENTESIS_B PUNTOCOMA .)
    EV3             reduce using rule 13 (declaracion -> IMPRIMIR PARENTESIS_A expresion PARENTESIS_B PUNTOCOMA .)
    HUB_SPIKE_PRIME reduce using rule 13 (declaracion -> IMPRIMIR PARENTESIS_A expresion PARENTESIS_B PUNTOCOMA .)
    HUB_SPIKE_ESSENTIAL reduce using rule 13 (declaracion -> IMPRIMIR PARENTESIS_A expresion PARENTESIS_B PUNTOCOMA .)
    HUB_ROBOT_INVENTOR reduce using rule 13 (declaracion -> IMPRIMIR PARENTESIS_A expresion PARENTESIS_B PUNTOCOMA .)
    HUB_TECHNIC_LARGE reduce using rule 13 (declaracion -> IMPRIMIR PARENTESIS_A expresion PARENTESIS_B PUNTOCOMA .)
    HUB_POWERED_UP  reduce using rule 13 (declaracion -> IMPRIMIR PARENTESIS_A expresion PARENTESIS_B PUNTOCOMA .)
    MOTOR_SERVO_GRANDE_EV3 reduce using rule 13 (declaracion -> IMPRIMIR PARENTESIS_A expresion PARENTESIS_B PUNTOCOMA .)
    MOTOR_SERVO_MEDIANO_EV3 reduce using rule 13 (declaracion -> IMPRIMIR PARENTESIS_A expresion PARENTESIS_B PUNTOCOMA .)
    SERVOMOTOR_NXT  reduce using rule 13 (declaracion -> IMPRIMIR PARENTESIS_A expresion PARENTESIS_B PUNTOCOMA .)
    MOTOR_ANGULAR_GRANDE reduce using rule 13 (declaracion -> IMPRIMIR PARENTESIS_A expresion PARENTESIS_B PUNTOCOMA .)
    MOTOR_ANGULAR_MEDIANO reduce using rule 13 (declaracion -> IMPRIMIR PARENTESIS_A expresion PARENTESIS_B PUNTOCOMA .)
    MOTOR_POWERED_UP_BOOST reduce using rule 13 (declaracion -> IMPRIMIR PARENTESIS_A expresion PARENTESIS_B PUNTOCOMA .)
    MOTOR_POWERED_UP reduce using rule 13 (declaracion -> IMPRIMIR PARENTESIS_A expresion PARENTESIS_B PUNTOCOMA .)
    MOTOR_BOOST     reduce using rule 13 (declaracion -> IMPRIMIR PARENTESIS_A expresion PARENTESIS_B PUNTOCOMA .)


state 149

    (83) expresion -> expresion op_binario expresion .
    (83) expresion -> expresion . op_binario expresion
    (97) op_binario -> . SUMA
    (98) op_binario -> . RESTA
    (99) op_binario -> . MULTIPLICACION
    (100) op_binario -> . DIVISION
    (101) op_binario -> . MODULO
    (102) op_binario -> . IGUAL
    (103) op_binario -> . DIFERENTE
    (104) op_binario -> . MENORQUE
    (105) op_binario -> . MAYORQUE
    (106) op_binario -> . MENORIGUAL
    (107) op_binario -> . MAYORIGUAL
    (108) op_binario -> . AND
    (109) op_binario -> . OR

  ! shift/reduce conflict for SUMA resolved as shift
  ! shift/reduce conflict for RESTA resolved as shift
  ! shift/reduce conflict for MULTIPLICACION resolved as shift
  ! shift/reduce conflict for DIVISION resolved as shift
  ! shift/reduce conflict for MODULO resolved as shift
  ! shift/reduce conflict for IGUAL resolved as shift
  ! shift/reduce conflict for DIFERENTE resolved as shift
  ! shift/reduce conflict for MENORQUE resolved as shift
  ! shift/reduce conflict for MAYORQUE resolved as shift
  ! shift/reduce conflict for MENORIGUAL resolved as shift
  ! shift/reduce conflict for MAYORIGUAL resolved as shift
  ! shift/reduce conflict for AND resolved as shift
  ! shift/reduce conflict for OR resolved as shift
    PARENTESIS_B    reduce using rule 83 (expresion -> expresion op_binario expresion .)
    COMA            reduce using rule 83 (expresion -> expresion op_binario expresion .)
    PUNTOCOMA       reduce using rule 83 (expresion -> expresion op_binario expresion .)
    LLAVE_C         reduce using rule 83 (expresion -> expresion op_binario expresion .)
    SUMA            shift and go to state 112
    RESTA           shift and go to state 113
    MULTIPLICACION  shift and go to state 114
    DIVISION        shift and go to state 115
    MODULO          shift and go to state 116
    IGUAL           shift and go to state 117
    DIFERENTE       shift and go to state 118
    MENORQUE        shift and go to state 119
    MAYORQUE        shift and go to state 120
    MENORIGUAL      shift and go to state 121
    MAYORIGUAL      shift and go to state 122
    AND             shift and go to state 123
    OR              shift and go to state 124

  ! SUMA            [ reduce using rule 83 (expresion -> expresion op_binario expresion .) ]
  ! RESTA           [ reduce using rule 83 (expresion -> expresion op_binario expresion .) ]
  ! MULTIPLICACION  [ reduce using rule 83 (expresion -> expresion op_binario expresion .) ]
  ! DIVISION        [ reduce using rule 83 (expresion -> expresion op_binario expresion .) ]
  ! MODULO          [ reduce using rule 83 (expresion -> expresion op_binario expresion .) ]
  ! IGUAL           [ reduce using rule 83 (expresion -> expresion op_binario expresion .) ]
  ! DIFERENTE       [ reduce using rule 83 (expresion -> expresion op_binario expresion .) ]
  ! MENORQUE        [ reduce using rule 83 (expresion -> expresion op_binario expresion .) ]
  ! MAYORQUE        [ reduce using rule 83 (expresion -> expresion op_binario expresion .) ]
  ! MENORIGUAL      [ reduce using rule 83 (expresion -> expresion op_binario expresion .) ]
  ! MAYORIGUAL      [ reduce using rule 83 (expresion -> expresion op_binario expresion .) ]
  ! AND             [ reduce using rule 83 (expresion -> expresion op_binario expresion .) ]
  ! OR              [ reduce using rule 83 (expresion -> expresion op_binario expresion .) ]

    op_binario                     shift and go to state 111

state 150

    (86) expresion -> ID FLECHA VALOR . PARENTESIS_A expresion_opt PARENTESIS_B

    PARENTESIS_A    shift and go to state 174


state 151

    (88) expresion -> ID CORCHETE_A NUMERO . CORCHETE_B

    CORCHETE_B      shift and go to state 175


state 152

    (14) declaracion -> RETRASO PARENTESIS_A expresion PARENTESIS_B PUNTOCOMA .

    LLAVE_C         reduce using rule 14 (declaracion -> RETRASO PARENTESIS_A expresion PARENTESIS_B PUNTOCOMA .)
    error           reduce using rule 14 (declaracion -> RETRASO PARENTESIS_A expresion PARENTESIS_B PUNTOCOMA .)
    IMPRIMIR        reduce using rule 14 (declaracion -> RETRASO PARENTESIS_A expresion PARENTESIS_B PUNTOCOMA .)
    RETRASO         reduce using rule 14 (declaracion -> RETRASO PARENTESIS_A expresion PARENTESIS_B PUNTOCOMA .)
    ID              reduce using rule 14 (declaracion -> RETRASO PARENTESIS_A expresion PARENTESIS_B PUNTOCOMA .)
    FUNC            reduce using rule 14 (declaracion -> RETRASO PARENTESIS_A expresion PARENTESIS_B PUNTOCOMA .)
    ENTERO          reduce using rule 14 (declaracion -> RETRASO PARENTESIS_A expresion PARENTESIS_B PUNTOCOMA .)
    REAL_TIPO       reduce using rule 14 (declaracion -> RETRASO PARENTESIS_A expresion PARENTESIS_B PUNTOCOMA .)
    BOOLEANO        reduce using rule 14 (declaracion -> RETRASO PARENTESIS_A expresion PARENTESIS_B PUNTOCOMA .)
    CADENA_TIPO     reduce using rule 14 (declaracion -> RETRASO PARENTESIS_A expresion PARENTESIS_B PUNTOCOMA .)
    SI              reduce using rule 14 (declaracion -> RETRASO PARENTESIS_A expresion PARENTESIS_B PUNTOCOMA .)
    MIENTRAS        reduce using rule 14 (declaracion -> RETRASO PARENTESIS_A expresion PARENTESIS_B PUNTOCOMA .)
    PARA            reduce using rule 14 (declaracion -> RETRASO PARENTESIS_A expresion PARENTESIS_B PUNTOCOMA .)
    ROMPER          reduce using rule 14 (declaracion -> RETRASO PARENTESIS_A expresion PARENTESIS_B PUNTOCOMA .)
    SERVO           reduce using rule 14 (declaracion -> RETRASO PARENTESIS_A expresion PARENTESIS_B PUNTOCOMA .)
    LED             reduce using rule 14 (declaracion -> RETRASO PARENTESIS_A expresion PARENTESIS_B PUNTOCOMA .)
    MOTOR           reduce using rule 14 (declaracion -> RETRASO PARENTESIS_A expresion PARENTESIS_B PUNTOCOMA .)
    SENSOR          reduce using rule 14 (declaracion -> RETRASO PARENTESIS_A expresion PARENTESIS_B PUNTOCOMA .)
    BUZZER          reduce using rule 14 (declaracion -> RETRASO PARENTESIS_A expresion PARENTESIS_B PUNTOCOMA .)
    SENSOR_ULTRASONICO reduce using rule 14 (declaracion -> RETRASO PARENTESIS_A expresion PARENTESIS_B PUNTOCOMA .)
    SENSOR_COLOR    reduce using rule 14 (declaracion -> RETRASO PARENTESIS_A expresion PARENTESIS_B PUNTOCOMA .)
    SENSOR_TOQUE    reduce using rule 14 (declaracion -> RETRASO PARENTESIS_A expresion PARENTESIS_B PUNTOCOMA .)
    SENSOR_GIRO     reduce using rule 14 (declaracion -> RETRASO PARENTESIS_A expresion PARENTESIS_B PUNTOCOMA .)
    RCX             reduce using rule 14 (declaracion -> RETRASO PARENTESIS_A expresion PARENTESIS_B PUNTOCOMA .)
    NXT             reduce using rule 14 (declaracion -> RETRASO PARENTESIS_A expresion PARENTESIS_B PUNTOCOMA .)
    EV3             reduce using rule 14 (declaracion -> RETRASO PARENTESIS_A expresion PARENTESIS_B PUNTOCOMA .)
    HUB_SPIKE_PRIME reduce using rule 14 (declaracion -> RETRASO PARENTESIS_A expresion PARENTESIS_B PUNTOCOMA .)
    HUB_SPIKE_ESSENTIAL reduce using rule 14 (declaracion -> RETRASO PARENTESIS_A expresion PARENTESIS_B PUNTOCOMA .)
    HUB_ROBOT_INVENTOR reduce using rule 14 (declaracion -> RETRASO PARENTESIS_A expresion PARENTESIS_B PUNTOCOMA .)
    HUB_TECHNIC_LARGE reduce using rule 14 (declaracion -> RETRASO PARENTESIS_A expresion PARENTESIS_B PUNTOCOMA .)
    HUB_POWERED_UP  reduce using rule 14 (declaracion -> RETRASO PARENTESIS_A expresion PARENTESIS_B PUNTOCOMA .)
    MOTOR_SERVO_GRANDE_EV3 reduce using rule 14 (declaracion -> RETRASO PARENTESIS_A expresion PARENTESIS_B PUNTOCOMA .)
    MOTOR_SERVO_MEDIANO_EV3 reduce using rule 14 (declaracion -> RETRASO PARENTESIS_A expresion PARENTESIS_B PUNTOCOMA .)
    SERVOMOTOR_NXT  reduce using rule 14 (declaracion -> RETRASO PARENTESIS_A expresion PARENTESIS_B PUNTOCOMA .)
    MOTOR_ANGULAR_GRANDE reduce using rule 14 (declaracion -> RETRASO PARENTESIS_A expresion PARENTESIS_B PUNTOCOMA .)
    MOTOR_ANGULAR_MEDIANO reduce using rule 14 (declaracion -> RETRASO PARENTESIS_A expresion PARENTESIS_B PUNTOCOMA .)
    MOTOR_POWERED_UP_BOOST reduce using rule 14 (declaracion -> RETRASO PARENTESIS_A expresion PARENTESIS_B PUNTOCOMA .)
    MOTOR_POWERED_UP reduce using rule 14 (declaracion -> RETRASO PARENTESIS_A expresion PARENTESIS_B PUNTOCOMA .)
    MOTOR_BOOST     reduce using rule 14 (declaracion -> RETRASO PARENTESIS_A expresion PARENTESIS_B PUNTOCOMA .)


state 153

    (16) declaracion -> tipo ID ASIGNACION expresion PUNTOCOMA .

    LLAVE_C         reduce using rule 16 (declaracion -> tipo ID ASIGNACION expresion PUNTOCOMA .)
    error           reduce using rule 16 (declaracion -> tipo ID ASIGNACION expresion PUNTOCOMA .)
    IMPRIMIR        reduce using rule 16 (declaracion -> tipo ID ASIGNACION expresion PUNTOCOMA .)
    RETRASO         reduce using rule 16 (declaracion -> tipo ID ASIGNACION expresion PUNTOCOMA .)
    ID              reduce using rule 16 (declaracion -> tipo ID ASIGNACION expresion PUNTOCOMA .)
    FUNC            reduce using rule 16 (declaracion -> tipo ID ASIGNACION expresion PUNTOCOMA .)
    ENTERO          reduce using rule 16 (declaracion -> tipo ID ASIGNACION expresion PUNTOCOMA .)
    REAL_TIPO       reduce using rule 16 (declaracion -> tipo ID ASIGNACION expresion PUNTOCOMA .)
    BOOLEANO        reduce using rule 16 (declaracion -> tipo ID ASIGNACION expresion PUNTOCOMA .)
    CADENA_TIPO     reduce using rule 16 (declaracion -> tipo ID ASIGNACION expresion PUNTOCOMA .)
    SI              reduce using rule 16 (declaracion -> tipo ID ASIGNACION expresion PUNTOCOMA .)
    MIENTRAS        reduce using rule 16 (declaracion -> tipo ID ASIGNACION expresion PUNTOCOMA .)
    PARA            reduce using rule 16 (declaracion -> tipo ID ASIGNACION expresion PUNTOCOMA .)
    ROMPER          reduce using rule 16 (declaracion -> tipo ID ASIGNACION expresion PUNTOCOMA .)
    SERVO           reduce using rule 16 (declaracion -> tipo ID ASIGNACION expresion PUNTOCOMA .)
    LED             reduce using rule 16 (declaracion -> tipo ID ASIGNACION expresion PUNTOCOMA .)
    MOTOR           reduce using rule 16 (declaracion -> tipo ID ASIGNACION expresion PUNTOCOMA .)
    SENSOR          reduce using rule 16 (declaracion -> tipo ID ASIGNACION expresion PUNTOCOMA .)
    BUZZER          reduce using rule 16 (declaracion -> tipo ID ASIGNACION expresion PUNTOCOMA .)
    SENSOR_ULTRASONICO reduce using rule 16 (declaracion -> tipo ID ASIGNACION expresion PUNTOCOMA .)
    SENSOR_COLOR    reduce using rule 16 (declaracion -> tipo ID ASIGNACION expresion PUNTOCOMA .)
    SENSOR_TOQUE    reduce using rule 16 (declaracion -> tipo ID ASIGNACION expresion PUNTOCOMA .)
    SENSOR_GIRO     reduce using rule 16 (declaracion -> tipo ID ASIGNACION expresion PUNTOCOMA .)
    RCX             reduce using rule 16 (declaracion -> tipo ID ASIGNACION expresion PUNTOCOMA .)
    NXT             reduce using rule 16 (declaracion -> tipo ID ASIGNACION expresion PUNTOCOMA .)
    EV3             reduce using rule 16 (declaracion -> tipo ID ASIGNACION expresion PUNTOCOMA .)
    HUB_SPIKE_PRIME reduce using rule 16 (declaracion -> tipo ID ASIGNACION expresion PUNTOCOMA .)
    HUB_SPIKE_ESSENTIAL reduce using rule 16 (declaracion -> tipo ID ASIGNACION expresion PUNTOCOMA .)
    HUB_ROBOT_INVENTOR reduce using rule 16 (declaracion -> tipo ID ASIGNACION expresion PUNTOCOMA .)
    HUB_TECHNIC_LARGE reduce using rule 16 (declaracion -> tipo ID ASIGNACION expresion PUNTOCOMA .)
    HUB_POWERED_UP  reduce using rule 16 (declaracion -> tipo ID ASIGNACION expresion PUNTOCOMA .)
    MOTOR_SERVO_GRANDE_EV3 reduce using rule 16 (declaracion -> tipo ID ASIGNACION expresion PUNTOCOMA .)
    MOTOR_SERVO_MEDIANO_EV3 reduce using rule 16 (declaracion -> tipo ID ASIGNACION expresion PUNTOCOMA .)
    SERVOMOTOR_NXT  reduce using rule 16 (declaracion -> tipo ID ASIGNACION expresion PUNTOCOMA .)
    MOTOR_ANGULAR_GRANDE reduce using rule 16 (declaracion -> tipo ID ASIGNACION expresion PUNTOCOMA .)
    MOTOR_ANGULAR_MEDIANO reduce using rule 16 (declaracion -> tipo ID ASIGNACION expresion PUNTOCOMA .)
    MOTOR_POWERED_UP_BOOST reduce using rule 16 (declaracion -> tipo ID ASIGNACION expresion PUNTOCOMA .)
    MOTOR_POWERED_UP reduce using rule 16 (declaracion -> tipo ID ASIGNACION expresion PUNTOCOMA .)
    MOTOR_BOOST     reduce using rule 16 (declaracion -> tipo ID ASIGNACION expresion PUNTOCOMA .)


state 154

    (19) declaracion -> tipo ID ASIGNACION error PUNTOCOMA .

    LLAVE_C         reduce using rule 19 (declaracion -> tipo ID ASIGNACION error PUNTOCOMA .)
    error           reduce using rule 19 (declaracion -> tipo ID ASIGNACION error PUNTOCOMA .)
    IMPRIMIR        reduce using rule 19 (declaracion -> tipo ID ASIGNACION error PUNTOCOMA .)
    RETRASO         reduce using rule 19 (declaracion -> tipo ID ASIGNACION error PUNTOCOMA .)
    ID              reduce using rule 19 (declaracion -> tipo ID ASIGNACION error PUNTOCOMA .)
    FUNC            reduce using rule 19 (declaracion -> tipo ID ASIGNACION error PUNTOCOMA .)
    ENTERO          reduce using rule 19 (declaracion -> tipo ID ASIGNACION error PUNTOCOMA .)
    REAL_TIPO       reduce using rule 19 (declaracion -> tipo ID ASIGNACION error PUNTOCOMA .)
    BOOLEANO        reduce using rule 19 (declaracion -> tipo ID ASIGNACION error PUNTOCOMA .)
    CADENA_TIPO     reduce using rule 19 (declaracion -> tipo ID ASIGNACION error PUNTOCOMA .)
    SI              reduce using rule 19 (declaracion -> tipo ID ASIGNACION error PUNTOCOMA .)
    MIENTRAS        reduce using rule 19 (declaracion -> tipo ID ASIGNACION error PUNTOCOMA .)
    PARA            reduce using rule 19 (declaracion -> tipo ID ASIGNACION error PUNTOCOMA .)
    ROMPER          reduce using rule 19 (declaracion -> tipo ID ASIGNACION error PUNTOCOMA .)
    SERVO           reduce using rule 19 (declaracion -> tipo ID ASIGNACION error PUNTOCOMA .)
    LED             reduce using rule 19 (declaracion -> tipo ID ASIGNACION error PUNTOCOMA .)
    MOTOR           reduce using rule 19 (declaracion -> tipo ID ASIGNACION error PUNTOCOMA .)
    SENSOR          reduce using rule 19 (declaracion -> tipo ID ASIGNACION error PUNTOCOMA .)
    BUZZER          reduce using rule 19 (declaracion -> tipo ID ASIGNACION error PUNTOCOMA .)
    SENSOR_ULTRASONICO reduce using rule 19 (declaracion -> tipo ID ASIGNACION error PUNTOCOMA .)
    SENSOR_COLOR    reduce using rule 19 (declaracion -> tipo ID ASIGNACION error PUNTOCOMA .)
    SENSOR_TOQUE    reduce using rule 19 (declaracion -> tipo ID ASIGNACION error PUNTOCOMA .)
    SENSOR_GIRO     reduce using rule 19 (declaracion -> tipo ID ASIGNACION error PUNTOCOMA .)
    RCX             reduce using rule 19 (declaracion -> tipo ID ASIGNACION error PUNTOCOMA .)
    NXT             reduce using rule 19 (declaracion -> tipo ID ASIGNACION error PUNTOCOMA .)
    EV3             reduce using rule 19 (declaracion -> tipo ID ASIGNACION error PUNTOCOMA .)
    HUB_SPIKE_PRIME reduce using rule 19 (declaracion -> tipo ID ASIGNACION error PUNTOCOMA .)
    HUB_SPIKE_ESSENTIAL reduce using rule 19 (declaracion -> tipo ID ASIGNACION error PUNTOCOMA .)
    HUB_ROBOT_INVENTOR reduce using rule 19 (declaracion -> tipo ID ASIGNACION error PUNTOCOMA .)
    HUB_TECHNIC_LARGE reduce using rule 19 (declaracion -> tipo ID ASIGNACION error PUNTOCOMA .)
    HUB_POWERED_UP  reduce using rule 19 (declaracion -> tipo ID ASIGNACION error PUNTOCOMA .)
    MOTOR_SERVO_GRANDE_EV3 reduce using rule 19 (declaracion -> tipo ID ASIGNACION error PUNTOCOMA .)
    MOTOR_SERVO_MEDIANO_EV3 reduce using rule 19 (declaracion -> tipo ID ASIGNACION error PUNTOCOMA .)
    SERVOMOTOR_NXT  reduce using rule 19 (declaracion -> tipo ID ASIGNACION error PUNTOCOMA .)
    MOTOR_ANGULAR_GRANDE reduce using rule 19 (declaracion -> tipo ID ASIGNACION error PUNTOCOMA .)
    MOTOR_ANGULAR_MEDIANO reduce using rule 19 (declaracion -> tipo ID ASIGNACION error PUNTOCOMA .)
    MOTOR_POWERED_UP_BOOST reduce using rule 19 (declaracion -> tipo ID ASIGNACION error PUNTOCOMA .)
    MOTOR_POWERED_UP reduce using rule 19 (declaracion -> tipo ID ASIGNACION error PUNTOCOMA .)
    MOTOR_BOOST     reduce using rule 19 (declaracion -> tipo ID ASIGNACION error PUNTOCOMA .)


state 155

    (17) declaracion -> tipo ID CORCHETE_A NUMERO CORCHETE_B . PUNTOCOMA

    PUNTOCOMA       shift and go to state 176


state 156

    (18) declaracion -> ID CORCHETE_A NUMERO CORCHETE_B ASIGNACION . expresion PUNTOCOMA
    (83) expresion -> . expresion op_binario expresion
    (84) expresion -> . op_unario expresion
    (85) expresion -> . PARENTESIS_A expresion PARENTESIS_B
    (86) expresion -> . ID FLECHA VALOR PARENTESIS_A expresion_opt PARENTESIS_B
    (87) expresion -> . ID
    (88) expresion -> . ID CORCHETE_A NUMERO CORCHETE_B
    (89) expresion -> . NUMERO
    (90) expresion -> . REAL
    (91) expresion -> . CADENA_TEXTO
    (92) expresion -> . TRUE
    (93) expresion -> . FALSE
    (110) op_unario -> . NOT
    (111) op_unario -> . RESTA

    PARENTESIS_A    shift and go to state 77
    ID              shift and go to state 80
    NUMERO          shift and go to state 81
    REAL            shift and go to state 82
    CADENA_TEXTO    shift and go to state 83
    TRUE            shift and go to state 84
    FALSE           shift and go to state 85
    NOT             shift and go to state 86
    RESTA           shift and go to state 87

    expresion                      shift and go to state 177
    op_unario                      shift and go to state 79

state 157

    (20) declaracion -> ID PARENTESIS_A argumentos PARENTESIS_B PUNTOCOMA .

    LLAVE_C         reduce using rule 20 (declaracion -> ID PARENTESIS_A argumentos PARENTESIS_B PUNTOCOMA .)
    error           reduce using rule 20 (declaracion -> ID PARENTESIS_A argumentos PARENTESIS_B PUNTOCOMA .)
    IMPRIMIR        reduce using rule 20 (declaracion -> ID PARENTESIS_A argumentos PARENTESIS_B PUNTOCOMA .)
    RETRASO         reduce using rule 20 (declaracion -> ID PARENTESIS_A argumentos PARENTESIS_B PUNTOCOMA .)
    ID              reduce using rule 20 (declaracion -> ID PARENTESIS_A argumentos PARENTESIS_B PUNTOCOMA .)
    FUNC            reduce using rule 20 (declaracion -> ID PARENTESIS_A argumentos PARENTESIS_B PUNTOCOMA .)
    ENTERO          reduce using rule 20 (declaracion -> ID PARENTESIS_A argumentos PARENTESIS_B PUNTOCOMA .)
    REAL_TIPO       reduce using rule 20 (declaracion -> ID PARENTESIS_A argumentos PARENTESIS_B PUNTOCOMA .)
    BOOLEANO        reduce using rule 20 (declaracion -> ID PARENTESIS_A argumentos PARENTESIS_B PUNTOCOMA .)
    CADENA_TIPO     reduce using rule 20 (declaracion -> ID PARENTESIS_A argumentos PARENTESIS_B PUNTOCOMA .)
    SI              reduce using rule 20 (declaracion -> ID PARENTESIS_A argumentos PARENTESIS_B PUNTOCOMA .)
    MIENTRAS        reduce using rule 20 (declaracion -> ID PARENTESIS_A argumentos PARENTESIS_B PUNTOCOMA .)
    PARA            reduce using rule 20 (declaracion -> ID PARENTESIS_A argumentos PARENTESIS_B PUNTOCOMA .)
    ROMPER          reduce using rule 20 (declaracion -> ID PARENTESIS_A argumentos PARENTESIS_B PUNTOCOMA .)
    SERVO           reduce using rule 20 (declaracion -> ID PARENTESIS_A argumentos PARENTESIS_B PUNTOCOMA .)
    LED             reduce using rule 20 (declaracion -> ID PARENTESIS_A argumentos PARENTESIS_B PUNTOCOMA .)
    MOTOR           reduce using rule 20 (declaracion -> ID PARENTESIS_A argumentos PARENTESIS_B PUNTOCOMA .)
    SENSOR          reduce using rule 20 (declaracion -> ID PARENTESIS_A argumentos PARENTESIS_B PUNTOCOMA .)
    BUZZER          reduce using rule 20 (declaracion -> ID PARENTESIS_A argumentos PARENTESIS_B PUNTOCOMA .)
    SENSOR_ULTRASONICO reduce using rule 20 (declaracion -> ID PARENTESIS_A argumentos PARENTESIS_B PUNTOCOMA .)
    SENSOR_COLOR    reduce using rule 20 (declaracion -> ID PARENTESIS_A argumentos PARENTESIS_B PUNTOCOMA .)
    SENSOR_TOQUE    reduce using rule 20 (declaracion -> ID PARENTESIS_A argumentos PARENTESIS_B PUNTOCOMA .)
    SENSOR_GIRO     reduce using rule 20 (declaracion -> ID PARENTESIS_A argumentos PARENTESIS_B PUNTOCOMA .)
    RCX             reduce using rule 20 (declaracion -> ID PARENTESIS_A argumentos PARENTESIS_B PUNTOCOMA .)
    NXT             reduce using rule 20 (declaracion -> ID PARENTESIS_A argumentos PARENTESIS_B PUNTOCOMA .)
    EV3             reduce using rule 20 (declaracion -> ID PARENTESIS_A argumentos PARENTESIS_B PUNTOCOMA .)
    HUB_SPIKE_PRIME reduce using rule 20 (declaracion -> ID PARENTESIS_A argumentos PARENTESIS_B PUNTOCOMA .)
    HUB_SPIKE_ESSENTIAL reduce using rule 20 (declaracion -> ID PARENTESIS_A argumentos PARENTESIS_B PUNTOCOMA .)
    HUB_ROBOT_INVENTOR reduce using rule 20 (declaracion -> ID PARENTESIS_A argumentos PARENTESIS_B PUNTOCOMA .)
    HUB_TECHNIC_LARGE reduce using rule 20 (declaracion -> ID PARENTESIS_A argumentos PARENTESIS_B PUNTOCOMA .)
    HUB_POWERED_UP  reduce using rule 20 (declaracion -> ID PARENTESIS_A argumentos PARENTESIS_B PUNTOCOMA .)
    MOTOR_SERVO_GRANDE_EV3 reduce using rule 20 (declaracion -> ID PARENTESIS_A argumentos PARENTESIS_B PUNTOCOMA .)
    MOTOR_SERVO_MEDIANO_EV3 reduce using rule 20 (declaracion -> ID PARENTESIS_A argumentos PARENTESIS_B PUNTOCOMA .)
    SERVOMOTOR_NXT  reduce using rule 20 (declaracion -> ID PARENTESIS_A argumentos PARENTESIS_B PUNTOCOMA .)
    MOTOR_ANGULAR_GRANDE reduce using rule 20 (declaracion -> ID PARENTESIS_A argumentos PARENTESIS_B PUNTOCOMA .)
    MOTOR_ANGULAR_MEDIANO reduce using rule 20 (declaracion -> ID PARENTESIS_A argumentos PARENTESIS_B PUNTOCOMA .)
    MOTOR_POWERED_UP_BOOST reduce using rule 20 (declaracion -> ID PARENTESIS_A argumentos PARENTESIS_B PUNTOCOMA .)
    MOTOR_POWERED_UP reduce using rule 20 (declaracion -> ID PARENTESIS_A argumentos PARENTESIS_B PUNTOCOMA .)
    MOTOR_BOOST     reduce using rule 20 (declaracion -> ID PARENTESIS_A argumentos PARENTESIS_B PUNTOCOMA .)


state 158

    (95) argumentos -> expresion COMA argumentos .

    PARENTESIS_B    reduce using rule 95 (argumentos -> expresion COMA argumentos .)


state 159

    (75) accion_dispositivo -> ID FLECHA accion PARENTESIS_A expresion_opt . PARENTESIS_B PUNTOCOMA

    PARENTESIS_B    shift and go to state 178


state 160

    (81) expresion_opt -> expresion .
    (83) expresion -> expresion . op_binario expresion
    (97) op_binario -> . SUMA
    (98) op_binario -> . RESTA
    (99) op_binario -> . MULTIPLICACION
    (100) op_binario -> . DIVISION
    (101) op_binario -> . MODULO
    (102) op_binario -> . IGUAL
    (103) op_binario -> . DIFERENTE
    (104) op_binario -> . MENORQUE
    (105) op_binario -> . MAYORQUE
    (106) op_binario -> . MENORIGUAL
    (107) op_binario -> . MAYORIGUAL
    (108) op_binario -> . AND
    (109) op_binario -> . OR

    PARENTESIS_B    reduce using rule 81 (expresion_opt -> expresion .)
    SUMA            shift and go to state 112
    RESTA           shift and go to state 113
    MULTIPLICACION  shift and go to state 114
    DIVISION        shift and go to state 115
    MODULO          shift and go to state 116
    IGUAL           shift and go to state 117
    DIFERENTE       shift and go to state 118
    MENORQUE        shift and go to state 119
    MAYORQUE        shift and go to state 120
    MENORIGUAL      shift and go to state 121
    MAYORIGUAL      shift and go to state 122
    AND             shift and go to state 123
    OR              shift and go to state 124

    op_binario                     shift and go to state 111

state 161

    (82) expresion_opt -> empty .

    PARENTESIS_B    reduce using rule 82 (expresion_opt -> empty .)


state 162

    (38) funcion -> FUNC ID PARENTESIS_A parametros PARENTESIS_B . bloque_codigo
    (3) bloque_codigo -> . LLAVE_A lista_declaraciones LLAVE_C
    (4) bloque_codigo -> . LLAVE_A lista_declaraciones error

    LLAVE_A         shift and go to state 5

    bloque_codigo                  shift and go to state 179

state 163

    (40) parametros -> parametro COMA . parametros
    (39) parametros -> . parametro
    (40) parametros -> . parametro COMA parametros
    (41) parametros -> . empty
    (42) parametro -> . tipo ID
    (113) empty -> .
    (21) tipo -> . ENTERO
    (22) tipo -> . REAL_TIPO
    (23) tipo -> . BOOLEANO
    (24) tipo -> . CADENA_TIPO

    PARENTESIS_B    reduce using rule 113 (empty -> .)
    ENTERO          shift and go to state 24
    REAL_TIPO       shift and go to state 25
    BOOLEANO        shift and go to state 26
    CADENA_TIPO     shift and go to state 27

    parametro                      shift and go to state 137
    parametros                     shift and go to state 180
    empty                          shift and go to state 138
    tipo                           shift and go to state 139

state 164

    (42) parametro -> tipo ID .

    COMA            reduce using rule 42 (parametro -> tipo ID .)
    PARENTESIS_B    reduce using rule 42 (parametro -> tipo ID .)


state 165

    (29) si -> SI PARENTESIS_A expresion PARENTESIS_B bloque_codigo .
    (30) si -> SI PARENTESIS_A expresion PARENTESIS_B bloque_codigo . ID bloque_codigo

  ! shift/reduce conflict for ID resolved as shift
    LLAVE_C         reduce using rule 29 (si -> SI PARENTESIS_A expresion PARENTESIS_B bloque_codigo .)
    error           reduce using rule 29 (si -> SI PARENTESIS_A expresion PARENTESIS_B bloque_codigo .)
    IMPRIMIR        reduce using rule 29 (si -> SI PARENTESIS_A expresion PARENTESIS_B bloque_codigo .)
    RETRASO         reduce using rule 29 (si -> SI PARENTESIS_A expresion PARENTESIS_B bloque_codigo .)
    FUNC            reduce using rule 29 (si -> SI PARENTESIS_A expresion PARENTESIS_B bloque_codigo .)
    ENTERO          reduce using rule 29 (si -> SI PARENTESIS_A expresion PARENTESIS_B bloque_codigo .)
    REAL_TIPO       reduce using rule 29 (si -> SI PARENTESIS_A expresion PARENTESIS_B bloque_codigo .)
    BOOLEANO        reduce using rule 29 (si -> SI PARENTESIS_A expresion PARENTESIS_B bloque_codigo .)
    CADENA_TIPO     reduce using rule 29 (si -> SI PARENTESIS_A expresion PARENTESIS_B bloque_codigo .)
    SI              reduce using rule 29 (si -> SI PARENTESIS_A expresion PARENTESIS_B bloque_codigo .)
    MIENTRAS        reduce using rule 29 (si -> SI PARENTESIS_A expresion PARENTESIS_B bloque_codigo .)
    PARA            reduce using rule 29 (si -> SI PARENTESIS_A expresion PARENTESIS_B bloque_codigo .)
    ROMPER          reduce using rule 29 (si -> SI PARENTESIS_A expresion PARENTESIS_B bloque_codigo .)
    SERVO           reduce using rule 29 (si -> SI PARENTESIS_A expresion PARENTESIS_B bloque_codigo .)
    LED             reduce using rule 29 (si -> SI PARENTESIS_A expresion PARENTESIS_B bloque_codigo .)
    MOTOR           reduce using rule 29 (si -> SI PARENTESIS_A expresion PARENTESIS_B bloque_codigo .)
    SENSOR          reduce using rule 29 (si -> SI PARENTESIS_A expresion PARENTESIS_B bloque_codigo .)
    BUZZER          reduce using rule 29 (si -> SI PARENTESIS_A expresion PARENTESIS_B bloque_codigo .)
    SENSOR_ULTRASONICO reduce using rule 29 (si -> SI PARENTESIS_A expresion PARENTESIS_B bloque_codigo .)
    SENSOR_COLOR    reduce using rule 29 (si -> SI PARENTESIS_A expresion PARENTESIS_B bloque_codigo .)
    SENSOR_TOQUE    reduce using rule 29 (si -> SI PARENTESIS_A expresion PARENTESIS_B bloque_codigo .)
    SENSOR_GIRO     reduce using rule 29 (si -> SI PARENTESIS_A expresion PARENTESIS_B bloque_codigo .)
    RCX             reduce using rule 29 (si -> SI PARENTESIS_A expresion PARENTESIS_B bloque_codigo .)
    NXT             reduce using rule 29 (si -> SI PARENTESIS_A expresion PARENTESIS_B bloque_codigo .)
    EV3             reduce using rule 29 (si -> SI PARENTESIS_A expresion PARENTESIS_B bloque_codigo .)
    HUB_SPIKE_PRIME reduce using rule 29 (si -> SI PARENTESIS_A expresion PARENTESIS_B bloque_codigo .)
    HUB_SPIKE_ESSENTIAL reduce using rule 29 (si -> SI PARENTESIS_A expresion PARENTESIS_B bloque_codigo .)
    HUB_ROBOT_INVENTOR reduce using rule 29 (si -> SI PARENTESIS_A expresion PARENTESIS_B bloque_codigo .)
    HUB_TECHNIC_LARGE reduce using rule 29 (si -> SI PARENTESIS_A expresion PARENTESIS_B bloque_codigo .)
    HUB_POWERED_UP  reduce using rule 29 (si -> SI PARENTESIS_A expresion PARENTESIS_B bloque_codigo .)
    MOTOR_SERVO_GRANDE_EV3 reduce using rule 29 (si -> SI PARENTESIS_A expresion PARENTESIS_B bloque_codigo .)
    MOTOR_SERVO_MEDIANO_EV3 reduce using rule 29 (si -> SI PARENTESIS_A expresion PARENTESIS_B bloque_codigo .)
    SERVOMOTOR_NXT  reduce using rule 29 (si -> SI PARENTESIS_A expresion PARENTESIS_B bloque_codigo .)
    MOTOR_ANGULAR_GRANDE reduce using rule 29 (si -> SI PARENTESIS_A expresion PARENTESIS_B bloque_codigo .)
    MOTOR_ANGULAR_MEDIANO reduce using rule 29 (si -> SI PARENTESIS_A expresion PARENTESIS_B bloque_codigo .)
    MOTOR_POWERED_UP_BOOST reduce using rule 29 (si -> SI PARENTESIS_A expresion PARENTESIS_B bloque_codigo .)
    MOTOR_POWERED_UP reduce using rule 29 (si -> SI PARENTESIS_A expresion PARENTESIS_B bloque_codigo .)
    MOTOR_BOOST     reduce using rule 29 (si -> SI PARENTESIS_A expresion PARENTESIS_B bloque_codigo .)
    ID              shift and go to state 181

  ! ID              [ reduce using rule 29 (si -> SI PARENTESIS_A expresion PARENTESIS_B bloque_codigo .) ]


state 166

    (31) mientras -> MIENTRAS PARENTESIS_A expresion PARENTESIS_B bloque_codigo .

    LLAVE_C         reduce using rule 31 (mientras -> MIENTRAS PARENTESIS_A expresion PARENTESIS_B bloque_codigo .)
    error           reduce using rule 31 (mientras -> MIENTRAS PARENTESIS_A expresion PARENTESIS_B bloque_codigo .)
    IMPRIMIR        reduce using rule 31 (mientras -> MIENTRAS PARENTESIS_A expresion PARENTESIS_B bloque_codigo .)
    RETRASO         reduce using rule 31 (mientras -> MIENTRAS PARENTESIS_A expresion PARENTESIS_B bloque_codigo .)
    ID              reduce using rule 31 (mientras -> MIENTRAS PARENTESIS_A expresion PARENTESIS_B bloque_codigo .)
    FUNC            reduce using rule 31 (mientras -> MIENTRAS PARENTESIS_A expresion PARENTESIS_B bloque_codigo .)
    ENTERO          reduce using rule 31 (mientras -> MIENTRAS PARENTESIS_A expresion PARENTESIS_B bloque_codigo .)
    REAL_TIPO       reduce using rule 31 (mientras -> MIENTRAS PARENTESIS_A expresion PARENTESIS_B bloque_codigo .)
    BOOLEANO        reduce using rule 31 (mientras -> MIENTRAS PARENTESIS_A expresion PARENTESIS_B bloque_codigo .)
    CADENA_TIPO     reduce using rule 31 (mientras -> MIENTRAS PARENTESIS_A expresion PARENTESIS_B bloque_codigo .)
    SI              reduce using rule 31 (mientras -> MIENTRAS PARENTESIS_A expresion PARENTESIS_B bloque_codigo .)
    MIENTRAS        reduce using rule 31 (mientras -> MIENTRAS PARENTESIS_A expresion PARENTESIS_B bloque_codigo .)
    PARA            reduce using rule 31 (mientras -> MIENTRAS PARENTESIS_A expresion PARENTESIS_B bloque_codigo .)
    ROMPER          reduce using rule 31 (mientras -> MIENTRAS PARENTESIS_A expresion PARENTESIS_B bloque_codigo .)
    SERVO           reduce using rule 31 (mientras -> MIENTRAS PARENTESIS_A expresion PARENTESIS_B bloque_codigo .)
    LED             reduce using rule 31 (mientras -> MIENTRAS PARENTESIS_A expresion PARENTESIS_B bloque_codigo .)
    MOTOR           reduce using rule 31 (mientras -> MIENTRAS PARENTESIS_A expresion PARENTESIS_B bloque_codigo .)
    SENSOR          reduce using rule 31 (mientras -> MIENTRAS PARENTESIS_A expresion PARENTESIS_B bloque_codigo .)
    BUZZER          reduce using rule 31 (mientras -> MIENTRAS PARENTESIS_A expresion PARENTESIS_B bloque_codigo .)
    SENSOR_ULTRASONICO reduce using rule 31 (mientras -> MIENTRAS PARENTESIS_A expresion PARENTESIS_B bloque_codigo .)
    SENSOR_COLOR    reduce using rule 31 (mientras -> MIENTRAS PARENTESIS_A expresion PARENTESIS_B bloque_codigo .)
    SENSOR_TOQUE    reduce using rule 31 (mientras -> MIENTRAS PARENTESIS_A expresion PARENTESIS_B bloque_codigo .)
    SENSOR_GIRO     reduce using rule 31 (mientras -> MIENTRAS PARENTESIS_A expresion PARENTESIS_B bloque_codigo .)
    RCX             reduce using rule 31 (mientras -> MIENTRAS PARENTESIS_A expresion PARENTESIS_B bloque_codigo .)
    NXT             reduce using rule 31 (mientras -> MIENTRAS PARENTESIS_A expresion PARENTESIS_B bloque_codigo .)
    EV3             reduce using rule 31 (mientras -> MIENTRAS PARENTESIS_A expresion PARENTESIS_B bloque_codigo .)
    HUB_SPIKE_PRIME reduce using rule 31 (mientras -> MIENTRAS PARENTESIS_A expresion PARENTESIS_B bloque_codigo .)
    HUB_SPIKE_ESSENTIAL reduce using rule 31 (mientras -> MIENTRAS PARENTESIS_A expresion PARENTESIS_B bloque_codigo .)
    HUB_ROBOT_INVENTOR reduce using rule 31 (mientras -> MIENTRAS PARENTESIS_A expresion PARENTESIS_B bloque_codigo .)
    HUB_TECHNIC_LARGE reduce using rule 31 (mientras -> MIENTRAS PARENTESIS_A expresion PARENTESIS_B bloque_codigo .)
    HUB_POWERED_UP  reduce using rule 31 (mientras -> MIENTRAS PARENTESIS_A expresion PARENTESIS_B bloque_codigo .)
    MOTOR_SERVO_GRANDE_EV3 reduce using rule 31 (mientras -> MIENTRAS PARENTESIS_A expresion PARENTESIS_B bloque_codigo .)
    MOTOR_SERVO_MEDIANO_EV3 reduce using rule 31 (mientras -> MIENTRAS PARENTESIS_A expresion PARENTESIS_B bloque_codigo .)
    SERVOMOTOR_NXT  reduce using rule 31 (mientras -> MIENTRAS PARENTESIS_A expresion PARENTESIS_B bloque_codigo .)
    MOTOR_ANGULAR_GRANDE reduce using rule 31 (mientras -> MIENTRAS PARENTESIS_A expresion PARENTESIS_B bloque_codigo .)
    MOTOR_ANGULAR_MEDIANO reduce using rule 31 (mientras -> MIENTRAS PARENTESIS_A expresion PARENTESIS_B bloque_codigo .)
    MOTOR_POWERED_UP_BOOST reduce using rule 31 (mientras -> MIENTRAS PARENTESIS_A expresion PARENTESIS_B bloque_codigo .)
    MOTOR_POWERED_UP reduce using rule 31 (mientras -> MIENTRAS PARENTESIS_A expresion PARENTESIS_B bloque_codigo .)
    MOTOR_BOOST     reduce using rule 31 (mientras -> MIENTRAS PARENTESIS_A expresion PARENTESIS_B bloque_codigo .)


state 167

    (32) para -> PARA PARENTESIS_A asignacion_para PUNTOCOMA expresion . PUNTOCOMA actualizacion_para PARENTESIS_B bloque_codigo
    (83) expresion -> expresion . op_binario expresion
    (97) op_binario -> . SUMA
    (98) op_binario -> . RESTA
    (99) op_binario -> . MULTIPLICACION
    (100) op_binario -> . DIVISION
    (101) op_binario -> . MODULO
    (102) op_binario -> . IGUAL
    (103) op_binario -> . DIFERENTE
    (104) op_binario -> . MENORQUE
    (105) op_binario -> . MAYORQUE
    (106) op_binario -> . MENORIGUAL
    (107) op_binario -> . MAYORIGUAL
    (108) op_binario -> . AND
    (109) op_binario -> . OR

    PUNTOCOMA       shift and go to state 182
    SUMA            shift and go to state 112
    RESTA           shift and go to state 113
    MULTIPLICACION  shift and go to state 114
    DIVISION        shift and go to state 115
    MODULO          shift and go to state 116
    IGUAL           shift and go to state 117
    DIFERENTE       shift and go to state 118
    MENORQUE        shift and go to state 119
    MAYORQUE        shift and go to state 120
    MENORIGUAL      shift and go to state 121
    MAYORIGUAL      shift and go to state 122
    AND             shift and go to state 123
    OR              shift and go to state 124

    op_binario                     shift and go to state 111

state 168

    (33) asignacion_para -> tipo ID ASIGNACION . expresion
    (83) expresion -> . expresion op_binario expresion
    (84) expresion -> . op_unario expresion
    (85) expresion -> . PARENTESIS_A expresion PARENTESIS_B
    (86) expresion -> . ID FLECHA VALOR PARENTESIS_A expresion_opt PARENTESIS_B
    (87) expresion -> . ID
    (88) expresion -> . ID CORCHETE_A NUMERO CORCHETE_B
    (89) expresion -> . NUMERO
    (90) expresion -> . REAL
    (91) expresion -> . CADENA_TEXTO
    (92) expresion -> . TRUE
    (93) expresion -> . FALSE
    (110) op_unario -> . NOT
    (111) op_unario -> . RESTA

    PARENTESIS_A    shift and go to state 77
    ID              shift and go to state 80
    NUMERO          shift and go to state 81
    REAL            shift and go to state 82
    CADENA_TEXTO    shift and go to state 83
    TRUE            shift and go to state 84
    FALSE           shift and go to state 85
    NOT             shift and go to state 86
    RESTA           shift and go to state 87

    expresion                      shift and go to state 183
    op_unario                      shift and go to state 79

state 169

    (34) asignacion_para -> ID ASIGNACION expresion .
    (83) expresion -> expresion . op_binario expresion
    (97) op_binario -> . SUMA
    (98) op_binario -> . RESTA
    (99) op_binario -> . MULTIPLICACION
    (100) op_binario -> . DIVISION
    (101) op_binario -> . MODULO
    (102) op_binario -> . IGUAL
    (103) op_binario -> . DIFERENTE
    (104) op_binario -> . MENORQUE
    (105) op_binario -> . MAYORQUE
    (106) op_binario -> . MENORIGUAL
    (107) op_binario -> . MAYORIGUAL
    (108) op_binario -> . AND
    (109) op_binario -> . OR

    PUNTOCOMA       reduce using rule 34 (asignacion_para -> ID ASIGNACION expresion .)
    SUMA            shift and go to state 112
    RESTA           shift and go to state 113
    MULTIPLICACION  shift and go to state 114
    DIVISION        shift and go to state 115
    MODULO          shift and go to state 116
    IGUAL           shift and go to state 117
    DIFERENTE       shift and go to state 118
    MENORQUE        shift and go to state 119
    MAYORQUE        shift and go to state 120
    MENORIGUAL      shift and go to state 121
    MAYORIGUAL      shift and go to state 122
    AND             shift and go to state 123
    OR              shift and go to state 124

    op_binario                     shift and go to state 111

state 170

    (70) definir_dispositivo -> tipo_dispositivo ID ASIGNACION objeto_dispositivo PUNTOCOMA .

    LLAVE_C         reduce using rule 70 (definir_dispositivo -> tipo_dispositivo ID ASIGNACION objeto_dispositivo PUNTOCOMA .)
    error           reduce using rule 70 (definir_dispositivo -> tipo_dispositivo ID ASIGNACION objeto_dispositivo PUNTOCOMA .)
    IMPRIMIR        reduce using rule 70 (definir_dispositivo -> tipo_dispositivo ID ASIGNACION objeto_dispositivo PUNTOCOMA .)
    RETRASO         reduce using rule 70 (definir_dispositivo -> tipo_dispositivo ID ASIGNACION objeto_dispositivo PUNTOCOMA .)
    ID              reduce using rule 70 (definir_dispositivo -> tipo_dispositivo ID ASIGNACION objeto_dispositivo PUNTOCOMA .)
    FUNC            reduce using rule 70 (definir_dispositivo -> tipo_dispositivo ID ASIGNACION objeto_dispositivo PUNTOCOMA .)
    ENTERO          reduce using rule 70 (definir_dispositivo -> tipo_dispositivo ID ASIGNACION objeto_dispositivo PUNTOCOMA .)
    REAL_TIPO       reduce using rule 70 (definir_dispositivo -> tipo_dispositivo ID ASIGNACION objeto_dispositivo PUNTOCOMA .)
    BOOLEANO        reduce using rule 70 (definir_dispositivo -> tipo_dispositivo ID ASIGNACION objeto_dispositivo PUNTOCOMA .)
    CADENA_TIPO     reduce using rule 70 (definir_dispositivo -> tipo_dispositivo ID ASIGNACION objeto_dispositivo PUNTOCOMA .)
    SI              reduce using rule 70 (definir_dispositivo -> tipo_dispositivo ID ASIGNACION objeto_dispositivo PUNTOCOMA .)
    MIENTRAS        reduce using rule 70 (definir_dispositivo -> tipo_dispositivo ID ASIGNACION objeto_dispositivo PUNTOCOMA .)
    PARA            reduce using rule 70 (definir_dispositivo -> tipo_dispositivo ID ASIGNACION objeto_dispositivo PUNTOCOMA .)
    ROMPER          reduce using rule 70 (definir_dispositivo -> tipo_dispositivo ID ASIGNACION objeto_dispositivo PUNTOCOMA .)
    SERVO           reduce using rule 70 (definir_dispositivo -> tipo_dispositivo ID ASIGNACION objeto_dispositivo PUNTOCOMA .)
    LED             reduce using rule 70 (definir_dispositivo -> tipo_dispositivo ID ASIGNACION objeto_dispositivo PUNTOCOMA .)
    MOTOR           reduce using rule 70 (definir_dispositivo -> tipo_dispositivo ID ASIGNACION objeto_dispositivo PUNTOCOMA .)
    SENSOR          reduce using rule 70 (definir_dispositivo -> tipo_dispositivo ID ASIGNACION objeto_dispositivo PUNTOCOMA .)
    BUZZER          reduce using rule 70 (definir_dispositivo -> tipo_dispositivo ID ASIGNACION objeto_dispositivo PUNTOCOMA .)
    SENSOR_ULTRASONICO reduce using rule 70 (definir_dispositivo -> tipo_dispositivo ID ASIGNACION objeto_dispositivo PUNTOCOMA .)
    SENSOR_COLOR    reduce using rule 70 (definir_dispositivo -> tipo_dispositivo ID ASIGNACION objeto_dispositivo PUNTOCOMA .)
    SENSOR_TOQUE    reduce using rule 70 (definir_dispositivo -> tipo_dispositivo ID ASIGNACION objeto_dispositivo PUNTOCOMA .)
    SENSOR_GIRO     reduce using rule 70 (definir_dispositivo -> tipo_dispositivo ID ASIGNACION objeto_dispositivo PUNTOCOMA .)
    RCX             reduce using rule 70 (definir_dispositivo -> tipo_dispositivo ID ASIGNACION objeto_dispositivo PUNTOCOMA .)
    NXT             reduce using rule 70 (definir_dispositivo -> tipo_dispositivo ID ASIGNACION objeto_dispositivo PUNTOCOMA .)
    EV3             reduce using rule 70 (definir_dispositivo -> tipo_dispositivo ID ASIGNACION objeto_dispositivo PUNTOCOMA .)
    HUB_SPIKE_PRIME reduce using rule 70 (definir_dispositivo -> tipo_dispositivo ID ASIGNACION objeto_dispositivo PUNTOCOMA .)
    HUB_SPIKE_ESSENTIAL reduce using rule 70 (definir_dispositivo -> tipo_dispositivo ID ASIGNACION objeto_dispositivo PUNTOCOMA .)
    HUB_ROBOT_INVENTOR reduce using rule 70 (definir_dispositivo -> tipo_dispositivo ID ASIGNACION objeto_dispositivo PUNTOCOMA .)
    HUB_TECHNIC_LARGE reduce using rule 70 (definir_dispositivo -> tipo_dispositivo ID ASIGNACION objeto_dispositivo PUNTOCOMA .)
    HUB_POWERED_UP  reduce using rule 70 (definir_dispositivo -> tipo_dispositivo ID ASIGNACION objeto_dispositivo PUNTOCOMA .)
    MOTOR_SERVO_GRANDE_EV3 reduce using rule 70 (definir_dispositivo -> tipo_dispositivo ID ASIGNACION objeto_dispositivo PUNTOCOMA .)
    MOTOR_SERVO_MEDIANO_EV3 reduce using rule 70 (definir_dispositivo -> tipo_dispositivo ID ASIGNACION objeto_dispositivo PUNTOCOMA .)
    SERVOMOTOR_NXT  reduce using rule 70 (definir_dispositivo -> tipo_dispositivo ID ASIGNACION objeto_dispositivo PUNTOCOMA .)
    MOTOR_ANGULAR_GRANDE reduce using rule 70 (definir_dispositivo -> tipo_dispositivo ID ASIGNACION objeto_dispositivo PUNTOCOMA .)
    MOTOR_ANGULAR_MEDIANO reduce using rule 70 (definir_dispositivo -> tipo_dispositivo ID ASIGNACION objeto_dispositivo PUNTOCOMA .)
    MOTOR_POWERED_UP_BOOST reduce using rule 70 (definir_dispositivo -> tipo_dispositivo ID ASIGNACION objeto_dispositivo PUNTOCOMA .)
    MOTOR_POWERED_UP reduce using rule 70 (definir_dispositivo -> tipo_dispositivo ID ASIGNACION objeto_dispositivo PUNTOCOMA .)
    MOTOR_BOOST     reduce using rule 70 (definir_dispositivo -> tipo_dispositivo ID ASIGNACION objeto_dispositivo PUNTOCOMA .)


state 171

    (71) objeto_dispositivo -> LLAVE_A lista_atributos . LLAVE_C
    (72) lista_atributos -> lista_atributos . COMA atributo

    LLAVE_C         shift and go to state 184
    COMA            shift and go to state 185


state 172

    (73) lista_atributos -> atributo .

    LLAVE_C         reduce using rule 73 (lista_atributos -> atributo .)
    COMA            reduce using rule 73 (lista_atributos -> atributo .)


state 173

    (74) atributo -> ID . ASIGNACION expresion

    ASIGNACION      shift and go to state 186


state 174

    (86) expresion -> ID FLECHA VALOR PARENTESIS_A . expresion_opt PARENTESIS_B
    (81) expresion_opt -> . expresion
    (82) expresion_opt -> . empty
    (83) expresion -> . expresion op_binario expresion
    (84) expresion -> . op_unario expresion
    (85) expresion -> . PARENTESIS_A expresion PARENTESIS_B
    (86) expresion -> . ID FLECHA VALOR PARENTESIS_A expresion_opt PARENTESIS_B
    (87) expresion -> . ID
    (88) expresion -> . ID CORCHETE_A NUMERO CORCHETE_B
    (89) expresion -> . NUMERO
    (90) expresion -> . REAL
    (91) expresion -> . CADENA_TEXTO
    (92) expresion -> . TRUE
    (93) expresion -> . FALSE
    (113) empty -> .
    (110) op_unario -> . NOT
    (111) op_unario -> . RESTA

    PARENTESIS_A    shift and go to state 77
    ID              shift and go to state 80
    NUMERO          shift and go to state 81
    REAL            shift and go to state 82
    CADENA_TEXTO    shift and go to state 83
    TRUE            shift and go to state 84
    FALSE           shift and go to state 85
    PARENTESIS_B    reduce using rule 113 (empty -> .)
    NOT             shift and go to state 86
    RESTA           shift and go to state 87

    expresion_opt                  shift and go to state 187
    expresion                      shift and go to state 160
    empty                          shift and go to state 161
    op_unario                      shift and go to state 79

state 175

    (88) expresion -> ID CORCHETE_A NUMERO CORCHETE_B .

    PARENTESIS_B    reduce using rule 88 (expresion -> ID CORCHETE_A NUMERO CORCHETE_B .)
    SUMA            reduce using rule 88 (expresion -> ID CORCHETE_A NUMERO CORCHETE_B .)
    RESTA           reduce using rule 88 (expresion -> ID CORCHETE_A NUMERO CORCHETE_B .)
    MULTIPLICACION  reduce using rule 88 (expresion -> ID CORCHETE_A NUMERO CORCHETE_B .)
    DIVISION        reduce using rule 88 (expresion -> ID CORCHETE_A NUMERO CORCHETE_B .)
    MODULO          reduce using rule 88 (expresion -> ID CORCHETE_A NUMERO CORCHETE_B .)
    IGUAL           reduce using rule 88 (expresion -> ID CORCHETE_A NUMERO CORCHETE_B .)
    DIFERENTE       reduce using rule 88 (expresion -> ID CORCHETE_A NUMERO CORCHETE_B .)
    MENORQUE        reduce using rule 88 (expresion -> ID CORCHETE_A NUMERO CORCHETE_B .)
    MAYORQUE        reduce using rule 88 (expresion -> ID CORCHETE_A NUMERO CORCHETE_B .)
    MENORIGUAL      reduce using rule 88 (expresion -> ID CORCHETE_A NUMERO CORCHETE_B .)
    MAYORIGUAL      reduce using rule 88 (expresion -> ID CORCHETE_A NUMERO CORCHETE_B .)
    AND             reduce using rule 88 (expresion -> ID CORCHETE_A NUMERO CORCHETE_B .)
    OR              reduce using rule 88 (expresion -> ID CORCHETE_A NUMERO CORCHETE_B .)
    COMA            reduce using rule 88 (expresion -> ID CORCHETE_A NUMERO CORCHETE_B .)
    PUNTOCOMA       reduce using rule 88 (expresion -> ID CORCHETE_A NUMERO CORCHETE_B .)
    LLAVE_C         reduce using rule 88 (expresion -> ID CORCHETE_A NUMERO CORCHETE_B .)


state 176

    (17) declaracion -> tipo ID CORCHETE_A NUMERO CORCHETE_B PUNTOCOMA .

    LLAVE_C         reduce using rule 17 (declaracion -> tipo ID CORCHETE_A NUMERO CORCHETE_B PUNTOCOMA .)
    error           reduce using rule 17 (declaracion -> tipo ID CORCHETE_A NUMERO CORCHETE_B PUNTOCOMA .)
    IMPRIMIR        reduce using rule 17 (declaracion -> tipo ID CORCHETE_A NUMERO CORCHETE_B PUNTOCOMA .)
    RETRASO         reduce using rule 17 (declaracion -> tipo ID CORCHETE_A NUMERO CORCHETE_B PUNTOCOMA .)
    ID              reduce using rule 17 (declaracion -> tipo ID CORCHETE_A NUMERO CORCHETE_B PUNTOCOMA .)
    FUNC            reduce using rule 17 (declaracion -> tipo ID CORCHETE_A NUMERO CORCHETE_B PUNTOCOMA .)
    ENTERO          reduce using rule 17 (declaracion -> tipo ID CORCHETE_A NUMERO CORCHETE_B PUNTOCOMA .)
    REAL_TIPO       reduce using rule 17 (declaracion -> tipo ID CORCHETE_A NUMERO CORCHETE_B PUNTOCOMA .)
    BOOLEANO        reduce using rule 17 (declaracion -> tipo ID CORCHETE_A NUMERO CORCHETE_B PUNTOCOMA .)
    CADENA_TIPO     reduce using rule 17 (declaracion -> tipo ID CORCHETE_A NUMERO CORCHETE_B PUNTOCOMA .)
    SI              reduce using rule 17 (declaracion -> tipo ID CORCHETE_A NUMERO CORCHETE_B PUNTOCOMA .)
    MIENTRAS        reduce using rule 17 (declaracion -> tipo ID CORCHETE_A NUMERO CORCHETE_B PUNTOCOMA .)
    PARA            reduce using rule 17 (declaracion -> tipo ID CORCHETE_A NUMERO CORCHETE_B PUNTOCOMA .)
    ROMPER          reduce using rule 17 (declaracion -> tipo ID CORCHETE_A NUMERO CORCHETE_B PUNTOCOMA .)
    SERVO           reduce using rule 17 (declaracion -> tipo ID CORCHETE_A NUMERO CORCHETE_B PUNTOCOMA .)
    LED             reduce using rule 17 (declaracion -> tipo ID CORCHETE_A NUMERO CORCHETE_B PUNTOCOMA .)
    MOTOR           reduce using rule 17 (declaracion -> tipo ID CORCHETE_A NUMERO CORCHETE_B PUNTOCOMA .)
    SENSOR          reduce using rule 17 (declaracion -> tipo ID CORCHETE_A NUMERO CORCHETE_B PUNTOCOMA .)
    BUZZER          reduce using rule 17 (declaracion -> tipo ID CORCHETE_A NUMERO CORCHETE_B PUNTOCOMA .)
    SENSOR_ULTRASONICO reduce using rule 17 (declaracion -> tipo ID CORCHETE_A NUMERO CORCHETE_B PUNTOCOMA .)
    SENSOR_COLOR    reduce using rule 17 (declaracion -> tipo ID CORCHETE_A NUMERO CORCHETE_B PUNTOCOMA .)
    SENSOR_TOQUE    reduce using rule 17 (declaracion -> tipo ID CORCHETE_A NUMERO CORCHETE_B PUNTOCOMA .)
    SENSOR_GIRO     reduce using rule 17 (declaracion -> tipo ID CORCHETE_A NUMERO CORCHETE_B PUNTOCOMA .)
    RCX             reduce using rule 17 (declaracion -> tipo ID CORCHETE_A NUMERO CORCHETE_B PUNTOCOMA .)
    NXT             reduce using rule 17 (declaracion -> tipo ID CORCHETE_A NUMERO CORCHETE_B PUNTOCOMA .)
    EV3             reduce using rule 17 (declaracion -> tipo ID CORCHETE_A NUMERO CORCHETE_B PUNTOCOMA .)
    HUB_SPIKE_PRIME reduce using rule 17 (declaracion -> tipo ID CORCHETE_A NUMERO CORCHETE_B PUNTOCOMA .)
    HUB_SPIKE_ESSENTIAL reduce using rule 17 (declaracion -> tipo ID CORCHETE_A NUMERO CORCHETE_B PUNTOCOMA .)
    HUB_ROBOT_INVENTOR reduce using rule 17 (declaracion -> tipo ID CORCHETE_A NUMERO CORCHETE_B PUNTOCOMA .)
    HUB_TECHNIC_LARGE reduce using rule 17 (declaracion -> tipo ID CORCHETE_A NUMERO CORCHETE_B PUNTOCOMA .)
    HUB_POWERED_UP  reduce using rule 17 (declaracion -> tipo ID CORCHETE_A NUMERO CORCHETE_B PUNTOCOMA .)
    MOTOR_SERVO_GRANDE_EV3 reduce using rule 17 (declaracion -> tipo ID CORCHETE_A NUMERO CORCHETE_B PUNTOCOMA .)
    MOTOR_SERVO_MEDIANO_EV3 reduce using rule 17 (declaracion -> tipo ID CORCHETE_A NUMERO CORCHETE_B PUNTOCOMA .)
    SERVOMOTOR_NXT  reduce using rule 17 (declaracion -> tipo ID CORCHETE_A NUMERO CORCHETE_B PUNTOCOMA .)
    MOTOR_ANGULAR_GRANDE reduce using rule 17 (declaracion -> tipo ID CORCHETE_A NUMERO CORCHETE_B PUNTOCOMA .)
    MOTOR_ANGULAR_MEDIANO reduce using rule 17 (declaracion -> tipo ID CORCHETE_A NUMERO CORCHETE_B PUNTOCOMA .)
    MOTOR_POWERED_UP_BOOST reduce using rule 17 (declaracion -> tipo ID CORCHETE_A NUMERO CORCHETE_B PUNTOCOMA .)
    MOTOR_POWERED_UP reduce using rule 17 (declaracion -> tipo ID CORCHETE_A NUMERO CORCHETE_B PUNTOCOMA .)
    MOTOR_BOOST     reduce using rule 17 (declaracion -> tipo ID CORCHETE_A NUMERO CORCHETE_B PUNTOCOMA .)


state 177

    (18) declaracion -> ID CORCHETE_A NUMERO CORCHETE_B ASIGNACION expresion . PUNTOCOMA
    (83) expresion -> expresion . op_binario expresion
    (97) op_binario -> . SUMA
    (98) op_binario -> . RESTA
    (99) op_binario -> . MULTIPLICACION
    (100) op_binario -> . DIVISION
    (101) op_binario -> . MODULO
    (102) op_binario -> . IGUAL
    (103) op_binario -> . DIFERENTE
    (104) op_binario -> . MENORQUE
    (105) op_binario -> . MAYORQUE
    (106) op_binario -> . MENORIGUAL
    (107) op_binario -> . MAYORIGUAL
    (108) op_binario -> . AND
    (109) op_binario -> . OR

    PUNTOCOMA       shift and go to state 188
    SUMA            shift and go to state 112
    RESTA           shift and go to state 113
    MULTIPLICACION  shift and go to state 114
    DIVISION        shift and go to state 115
    MODULO          shift and go to state 116
    IGUAL           shift and go to state 117
    DIFERENTE       shift and go to state 118
    MENORQUE        shift and go to state 119
    MAYORQUE        shift and go to state 120
    MENORIGUAL      shift and go to state 121
    MAYORIGUAL      shift and go to state 122
    AND             shift and go to state 123
    OR              shift and go to state 124

    op_binario                     shift and go to state 111

state 178

    (75) accion_dispositivo -> ID FLECHA accion PARENTESIS_A expresion_opt PARENTESIS_B . PUNTOCOMA

    PUNTOCOMA       shift and go to state 189


state 179

    (38) funcion -> FUNC ID PARENTESIS_A parametros PARENTESIS_B bloque_codigo .

    LLAVE_C         reduce using rule 38 (funcion -> FUNC ID PARENTESIS_A parametros PARENTESIS_B bloque_codigo .)
    error           reduce using rule 38 (funcion -> FUNC ID PARENTESIS_A parametros PARENTESIS_B bloque_codigo .)
    IMPRIMIR        reduce using rule 38 (funcion -> FUNC ID PARENTESIS_A parametros PARENTESIS_B bloque_codigo .)
    RETRASO         reduce using rule 38 (funcion -> FUNC ID PARENTESIS_A parametros PARENTESIS_B bloque_codigo .)
    ID              reduce using rule 38 (funcion -> FUNC ID PARENTESIS_A parametros PARENTESIS_B bloque_codigo .)
    FUNC            reduce using rule 38 (funcion -> FUNC ID PARENTESIS_A parametros PARENTESIS_B bloque_codigo .)
    ENTERO          reduce using rule 38 (funcion -> FUNC ID PARENTESIS_A parametros PARENTESIS_B bloque_codigo .)
    REAL_TIPO       reduce using rule 38 (funcion -> FUNC ID PARENTESIS_A parametros PARENTESIS_B bloque_codigo .)
    BOOLEANO        reduce using rule 38 (funcion -> FUNC ID PARENTESIS_A parametros PARENTESIS_B bloque_codigo .)
    CADENA_TIPO     reduce using rule 38 (funcion -> FUNC ID PARENTESIS_A parametros PARENTESIS_B bloque_codigo .)
    SI              reduce using rule 38 (funcion -> FUNC ID PARENTESIS_A parametros PARENTESIS_B bloque_codigo .)
    MIENTRAS        reduce using rule 38 (funcion -> FUNC ID PARENTESIS_A parametros PARENTESIS_B bloque_codigo .)
    PARA            reduce using rule 38 (funcion -> FUNC ID PARENTESIS_A parametros PARENTESIS_B bloque_codigo .)
    ROMPER          reduce using rule 38 (funcion -> FUNC ID PARENTESIS_A parametros PARENTESIS_B bloque_codigo .)
    SERVO           reduce using rule 38 (funcion -> FUNC ID PARENTESIS_A parametros PARENTESIS_B bloque_codigo .)
    LED             reduce using rule 38 (funcion -> FUNC ID PARENTESIS_A parametros PARENTESIS_B bloque_codigo .)
    MOTOR           reduce using rule 38 (funcion -> FUNC ID PARENTESIS_A parametros PARENTESIS_B bloque_codigo .)
    SENSOR          reduce using rule 38 (funcion -> FUNC ID PARENTESIS_A parametros PARENTESIS_B bloque_codigo .)
    BUZZER          reduce using rule 38 (funcion -> FUNC ID PARENTESIS_A parametros PARENTESIS_B bloque_codigo .)
    SENSOR_ULTRASONICO reduce using rule 38 (funcion -> FUNC ID PARENTESIS_A parametros PARENTESIS_B bloque_codigo .)
    SENSOR_COLOR    reduce using rule 38 (funcion -> FUNC ID PARENTESIS_A parametros PARENTESIS_B bloque_codigo .)
    SENSOR_TOQUE    reduce using rule 38 (funcion -> FUNC ID PARENTESIS_A parametros PARENTESIS_B bloque_codigo .)
    SENSOR_GIRO     reduce using rule 38 (funcion -> FUNC ID PARENTESIS_A parametros PARENTESIS_B bloque_codigo .)
    RCX             reduce using rule 38 (funcion -> FUNC ID PARENTESIS_A parametros PARENTESIS_B bloque_codigo .)
    NXT             reduce using rule 38 (funcion -> FUNC ID PARENTESIS_A parametros PARENTESIS_B bloque_codigo .)
    EV3             reduce using rule 38 (funcion -> FUNC ID PARENTESIS_A parametros PARENTESIS_B bloque_codigo .)
    HUB_SPIKE_PRIME reduce using rule 38 (funcion -> FUNC ID PARENTESIS_A parametros PARENTESIS_B bloque_codigo .)
    HUB_SPIKE_ESSENTIAL reduce using rule 38 (funcion -> FUNC ID PARENTESIS_A parametros PARENTESIS_B bloque_codigo .)
    HUB_ROBOT_INVENTOR reduce using rule 38 (funcion -> FUNC ID PARENTESIS_A parametros PARENTESIS_B bloque_codigo .)
    HUB_TECHNIC_LARGE reduce using rule 38 (funcion -> FUNC ID PARENTESIS_A parametros PARENTESIS_B bloque_codigo .)
    HUB_POWERED_UP  reduce using rule 38 (funcion -> FUNC ID PARENTESIS_A parametros PARENTESIS_B bloque_codigo .)
    MOTOR_SERVO_GRANDE_EV3 reduce using rule 38 (funcion -> FUNC ID PARENTESIS_A parametros PARENTESIS_B bloque_codigo .)
    MOTOR_SERVO_MEDIANO_EV3 reduce using rule 38 (funcion -> FUNC ID PARENTESIS_A parametros PARENTESIS_B bloque_codigo .)
    SERVOMOTOR_NXT  reduce using rule 38 (funcion -> FUNC ID PARENTESIS_A parametros PARENTESIS_B bloque_codigo .)
    MOTOR_ANGULAR_GRANDE reduce using rule 38 (funcion -> FUNC ID PARENTESIS_A parametros PARENTESIS_B bloque_codigo .)
    MOTOR_ANGULAR_MEDIANO reduce using rule 38 (funcion -> FUNC ID PARENTESIS_A parametros PARENTESIS_B bloque_codigo .)
    MOTOR_POWERED_UP_BOOST reduce using rule 38 (funcion -> FUNC ID PARENTESIS_A parametros PARENTESIS_B bloque_codigo .)
    MOTOR_POWERED_UP reduce using rule 38 (funcion -> FUNC ID PARENTESIS_A parametros PARENTESIS_B bloque_codigo .)
    MOTOR_BOOST     reduce using rule 38 (funcion -> FUNC ID PARENTESIS_A parametros PARENTESIS_B bloque_codigo .)


state 180

    (40) parametros -> parametro COMA parametros .

    PARENTESIS_B    reduce using rule 40 (parametros -> parametro COMA parametros .)


state 181

    (30) si -> SI PARENTESIS_A expresion PARENTESIS_B bloque_codigo ID . bloque_codigo
    (3) bloque_codigo -> . LLAVE_A lista_declaraciones LLAVE_C
    (4) bloque_codigo -> . LLAVE_A lista_declaraciones error

    LLAVE_A         shift and go to state 5

    bloque_codigo                  shift and go to state 190

state 182

    (32) para -> PARA PARENTESIS_A asignacion_para PUNTOCOMA expresion PUNTOCOMA . actualizacion_para PARENTESIS_B bloque_codigo
    (35) actualizacion_para -> . ID ASIGNACION expresion
    (36) actualizacion_para -> . ID MASMAS
    (37) actualizacion_para -> . ID MENOSMENOS

    ID              shift and go to state 192

    actualizacion_para             shift and go to state 191

state 183

    (33) asignacion_para -> tipo ID ASIGNACION expresion .
    (83) expresion -> expresion . op_binario expresion
    (97) op_binario -> . SUMA
    (98) op_binario -> . RESTA
    (99) op_binario -> . MULTIPLICACION
    (100) op_binario -> . DIVISION
    (101) op_binario -> . MODULO
    (102) op_binario -> . IGUAL
    (103) op_binario -> . DIFERENTE
    (104) op_binario -> . MENORQUE
    (105) op_binario -> . MAYORQUE
    (106) op_binario -> . MENORIGUAL
    (107) op_binario -> . MAYORIGUAL
    (108) op_binario -> . AND
    (109) op_binario -> . OR

    PUNTOCOMA       reduce using rule 33 (asignacion_para -> tipo ID ASIGNACION expresion .)
    SUMA            shift and go to state 112
    RESTA           shift and go to state 113
    MULTIPLICACION  shift and go to state 114
    DIVISION        shift and go to state 115
    MODULO          shift and go to state 116
    IGUAL           shift and go to state 117
    DIFERENTE       shift and go to state 118
    MENORQUE        shift and go to state 119
    MAYORQUE        shift and go to state 120
    MENORIGUAL      shift and go to state 121
    MAYORIGUAL      shift and go to state 122
    AND             shift and go to state 123
    OR              shift and go to state 124

    op_binario                     shift and go to state 111

state 184

    (71) objeto_dispositivo -> LLAVE_A lista_atributos LLAVE_C .

    PUNTOCOMA       reduce using rule 71 (objeto_dispositivo -> LLAVE_A lista_atributos LLAVE_C .)


state 185

    (72) lista_atributos -> lista_atributos COMA . atributo
    (74) atributo -> . ID ASIGNACION expresion

    ID              shift and go to state 173

    atributo                       shift and go to state 193

state 186

    (74) atributo -> ID ASIGNACION . expresion
    (83) expresion -> . expresion op_binario expresion
    (84) expresion -> . op_unario expresion
    (85) expresion -> . PARENTESIS_A expresion PARENTESIS_B
    (86) expresion -> . ID FLECHA VALOR PARENTESIS_A expresion_opt PARENTESIS_B
    (87) expresion -> . ID
    (88) expresion -> . ID CORCHETE_A NUMERO CORCHETE_B
    (89) expresion -> . NUMERO
    (90) expresion -> . REAL
    (91) expresion -> . CADENA_TEXTO
    (92) expresion -> . TRUE
    (93) expresion -> . FALSE
    (110) op_unario -> . NOT
    (111) op_unario -> . RESTA

    PARENTESIS_A    shift and go to state 77
    ID              shift and go to state 80
    NUMERO          shift and go to state 81
    REAL            shift and go to state 82
    CADENA_TEXTO    shift and go to state 83
    TRUE            shift and go to state 84
    FALSE           shift and go to state 85
    NOT             shift and go to state 86
    RESTA           shift and go to state 87

    expresion                      shift and go to state 194
    op_unario                      shift and go to state 79

state 187

    (86) expresion -> ID FLECHA VALOR PARENTESIS_A expresion_opt . PARENTESIS_B

    PARENTESIS_B    shift and go to state 195


state 188

    (18) declaracion -> ID CORCHETE_A NUMERO CORCHETE_B ASIGNACION expresion PUNTOCOMA .

    LLAVE_C         reduce using rule 18 (declaracion -> ID CORCHETE_A NUMERO CORCHETE_B ASIGNACION expresion PUNTOCOMA .)
    error           reduce using rule 18 (declaracion -> ID CORCHETE_A NUMERO CORCHETE_B ASIGNACION expresion PUNTOCOMA .)
    IMPRIMIR        reduce using rule 18 (declaracion -> ID CORCHETE_A NUMERO CORCHETE_B ASIGNACION expresion PUNTOCOMA .)
    RETRASO         reduce using rule 18 (declaracion -> ID CORCHETE_A NUMERO CORCHETE_B ASIGNACION expresion PUNTOCOMA .)
    ID              reduce using rule 18 (declaracion -> ID CORCHETE_A NUMERO CORCHETE_B ASIGNACION expresion PUNTOCOMA .)
    FUNC            reduce using rule 18 (declaracion -> ID CORCHETE_A NUMERO CORCHETE_B ASIGNACION expresion PUNTOCOMA .)
    ENTERO          reduce using rule 18 (declaracion -> ID CORCHETE_A NUMERO CORCHETE_B ASIGNACION expresion PUNTOCOMA .)
    REAL_TIPO       reduce using rule 18 (declaracion -> ID CORCHETE_A NUMERO CORCHETE_B ASIGNACION expresion PUNTOCOMA .)
    BOOLEANO        reduce using rule 18 (declaracion -> ID CORCHETE_A NUMERO CORCHETE_B ASIGNACION expresion PUNTOCOMA .)
    CADENA_TIPO     reduce using rule 18 (declaracion -> ID CORCHETE_A NUMERO CORCHETE_B ASIGNACION expresion PUNTOCOMA .)
    SI              reduce using rule 18 (declaracion -> ID CORCHETE_A NUMERO CORCHETE_B ASIGNACION expresion PUNTOCOMA .)
    MIENTRAS        reduce using rule 18 (declaracion -> ID CORCHETE_A NUMERO CORCHETE_B ASIGNACION expresion PUNTOCOMA .)
    PARA            reduce using rule 18 (declaracion -> ID CORCHETE_A NUMERO CORCHETE_B ASIGNACION expresion PUNTOCOMA .)
    ROMPER          reduce using rule 18 (declaracion -> ID CORCHETE_A NUMERO CORCHETE_B ASIGNACION expresion PUNTOCOMA .)
    SERVO           reduce using rule 18 (declaracion -> ID CORCHETE_A NUMERO CORCHETE_B ASIGNACION expresion PUNTOCOMA .)
    LED             reduce using rule 18 (declaracion -> ID CORCHETE_A NUMERO CORCHETE_B ASIGNACION expresion PUNTOCOMA .)
    MOTOR           reduce using rule 18 (declaracion -> ID CORCHETE_A NUMERO CORCHETE_B ASIGNACION expresion PUNTOCOMA .)
    SENSOR          reduce using rule 18 (declaracion -> ID CORCHETE_A NUMERO CORCHETE_B ASIGNACION expresion PUNTOCOMA .)
    BUZZER          reduce using rule 18 (declaracion -> ID CORCHETE_A NUMERO CORCHETE_B ASIGNACION expresion PUNTOCOMA .)
    SENSOR_ULTRASONICO reduce using rule 18 (declaracion -> ID CORCHETE_A NUMERO CORCHETE_B ASIGNACION expresion PUNTOCOMA .)
    SENSOR_COLOR    reduce using rule 18 (declaracion -> ID CORCHETE_A NUMERO CORCHETE_B ASIGNACION expresion PUNTOCOMA .)
    SENSOR_TOQUE    reduce using rule 18 (declaracion -> ID CORCHETE_A NUMERO CORCHETE_B ASIGNACION expresion PUNTOCOMA .)
    SENSOR_GIRO     reduce using rule 18 (declaracion -> ID CORCHETE_A NUMERO CORCHETE_B ASIGNACION expresion PUNTOCOMA .)
    RCX             reduce using rule 18 (declaracion -> ID CORCHETE_A NUMERO CORCHETE_B ASIGNACION expresion PUNTOCOMA .)
    NXT             reduce using rule 18 (declaracion -> ID CORCHETE_A NUMERO CORCHETE_B ASIGNACION expresion PUNTOCOMA .)
    EV3             reduce using rule 18 (declaracion -> ID CORCHETE_A NUMERO CORCHETE_B ASIGNACION expresion PUNTOCOMA .)
    HUB_SPIKE_PRIME reduce using rule 18 (declaracion -> ID CORCHETE_A NUMERO CORCHETE_B ASIGNACION expresion PUNTOCOMA .)
    HUB_SPIKE_ESSENTIAL reduce using rule 18 (declaracion -> ID CORCHETE_A NUMERO CORCHETE_B ASIGNACION expresion PUNTOCOMA .)
    HUB_ROBOT_INVENTOR reduce using rule 18 (declaracion -> ID CORCHETE_A NUMERO CORCHETE_B ASIGNACION expresion PUNTOCOMA .)
    HUB_TECHNIC_LARGE reduce using rule 18 (declaracion -> ID CORCHETE_A NUMERO CORCHETE_B ASIGNACION expresion PUNTOCOMA .)
    HUB_POWERED_UP  reduce using rule 18 (declaracion -> ID CORCHETE_A NUMERO CORCHETE_B ASIGNACION expresion PUNTOCOMA .)
    MOTOR_SERVO_GRANDE_EV3 reduce using rule 18 (declaracion -> ID CORCHETE_A NUMERO CORCHETE_B ASIGNACION expresion PUNTOCOMA .)
    MOTOR_SERVO_MEDIANO_EV3 reduce using rule 18 (declaracion -> ID CORCHETE_A NUMERO CORCHETE_B ASIGNACION expresion PUNTOCOMA .)
    SERVOMOTOR_NXT  reduce using rule 18 (declaracion -> ID CORCHETE_A NUMERO CORCHETE_B ASIGNACION expresion PUNTOCOMA .)
    MOTOR_ANGULAR_GRANDE reduce using rule 18 (declaracion -> ID CORCHETE_A NUMERO CORCHETE_B ASIGNACION expresion PUNTOCOMA .)
    MOTOR_ANGULAR_MEDIANO reduce using rule 18 (declaracion -> ID CORCHETE_A NUMERO CORCHETE_B ASIGNACION expresion PUNTOCOMA .)
    MOTOR_POWERED_UP_BOOST reduce using rule 18 (declaracion -> ID CORCHETE_A NUMERO CORCHETE_B ASIGNACION expresion PUNTOCOMA .)
    MOTOR_POWERED_UP reduce using rule 18 (declaracion -> ID CORCHETE_A NUMERO CORCHETE_B ASIGNACION expresion PUNTOCOMA .)
    MOTOR_BOOST     reduce using rule 18 (declaracion -> ID CORCHETE_A NUMERO CORCHETE_B ASIGNACION expresion PUNTOCOMA .)


state 189

    (75) accion_dispositivo -> ID FLECHA accion PARENTESIS_A expresion_opt PARENTESIS_B PUNTOCOMA .

    LLAVE_C         reduce using rule 75 (accion_dispositivo -> ID FLECHA accion PARENTESIS_A expresion_opt PARENTESIS_B PUNTOCOMA .)
    error           reduce using rule 75 (accion_dispositivo -> ID FLECHA accion PARENTESIS_A expresion_opt PARENTESIS_B PUNTOCOMA .)
    IMPRIMIR        reduce using rule 75 (accion_dispositivo -> ID FLECHA accion PARENTESIS_A expresion_opt PARENTESIS_B PUNTOCOMA .)
    RETRASO         reduce using rule 75 (accion_dispositivo -> ID FLECHA accion PARENTESIS_A expresion_opt PARENTESIS_B PUNTOCOMA .)
    ID              reduce using rule 75 (accion_dispositivo -> ID FLECHA accion PARENTESIS_A expresion_opt PARENTESIS_B PUNTOCOMA .)
    FUNC            reduce using rule 75 (accion_dispositivo -> ID FLECHA accion PARENTESIS_A expresion_opt PARENTESIS_B PUNTOCOMA .)
    ENTERO          reduce using rule 75 (accion_dispositivo -> ID FLECHA accion PARENTESIS_A expresion_opt PARENTESIS_B PUNTOCOMA .)
    REAL_TIPO       reduce using rule 75 (accion_dispositivo -> ID FLECHA accion PARENTESIS_A expresion_opt PARENTESIS_B PUNTOCOMA .)
    BOOLEANO        reduce using rule 75 (accion_dispositivo -> ID FLECHA accion PARENTESIS_A expresion_opt PARENTESIS_B PUNTOCOMA .)
    CADENA_TIPO     reduce using rule 75 (accion_dispositivo -> ID FLECHA accion PARENTESIS_A expresion_opt PARENTESIS_B PUNTOCOMA .)
    SI              reduce using rule 75 (accion_dispositivo -> ID FLECHA accion PARENTESIS_A expresion_opt PARENTESIS_B PUNTOCOMA .)
    MIENTRAS        reduce using rule 75 (accion_dispositivo -> ID FLECHA accion PARENTESIS_A expresion_opt PARENTESIS_B PUNTOCOMA .)
    PARA            reduce using rule 75 (accion_dispositivo -> ID FLECHA accion PARENTESIS_A expresion_opt PARENTESIS_B PUNTOCOMA .)
    ROMPER          reduce using rule 75 (accion_dispositivo -> ID FLECHA accion PARENTESIS_A expresion_opt PARENTESIS_B PUNTOCOMA .)
    SERVO           reduce using rule 75 (accion_dispositivo -> ID FLECHA accion PARENTESIS_A expresion_opt PARENTESIS_B PUNTOCOMA .)
    LED             reduce using rule 75 (accion_dispositivo -> ID FLECHA accion PARENTESIS_A expresion_opt PARENTESIS_B PUNTOCOMA .)
    MOTOR           reduce using rule 75 (accion_dispositivo -> ID FLECHA accion PARENTESIS_A expresion_opt PARENTESIS_B PUNTOCOMA .)
    SENSOR          reduce using rule 75 (accion_dispositivo -> ID FLECHA accion PARENTESIS_A expresion_opt PARENTESIS_B PUNTOCOMA .)
    BUZZER          reduce using rule 75 (accion_dispositivo -> ID FLECHA accion PARENTESIS_A expresion_opt PARENTESIS_B PUNTOCOMA .)
    SENSOR_ULTRASONICO reduce using rule 75 (accion_dispositivo -> ID FLECHA accion PARENTESIS_A expresion_opt PARENTESIS_B PUNTOCOMA .)
    SENSOR_COLOR    reduce using rule 75 (accion_dispositivo -> ID FLECHA accion PARENTESIS_A expresion_opt PARENTESIS_B PUNTOCOMA .)
    SENSOR_TOQUE    reduce using rule 75 (accion_dispositivo -> ID FLECHA accion PARENTESIS_A expresion_opt PARENTESIS_B PUNTOCOMA .)
    SENSOR_GIRO     reduce using rule 75 (accion_dispositivo -> ID FLECHA accion PARENTESIS_A expresion_opt PARENTESIS_B PUNTOCOMA .)
    RCX             reduce using rule 75 (accion_dispositivo -> ID FLECHA accion PARENTESIS_A expresion_opt PARENTESIS_B PUNTOCOMA .)
    NXT             reduce using rule 75 (accion_dispositivo -> ID FLECHA accion PARENTESIS_A expresion_opt PARENTESIS_B PUNTOCOMA .)
    EV3             reduce using rule 75 (accion_dispositivo -> ID FLECHA accion PARENTESIS_A expresion_opt PARENTESIS_B PUNTOCOMA .)
    HUB_SPIKE_PRIME reduce using rule 75 (accion_dispositivo -> ID FLECHA accion PARENTESIS_A expresion_opt PARENTESIS_B PUNTOCOMA .)
    HUB_SPIKE_ESSENTIAL reduce using rule 75 (accion_dispositivo -> ID FLECHA accion PARENTESIS_A expresion_opt PARENTESIS_B PUNTOCOMA .)
    HUB_ROBOT_INVENTOR reduce using rule 75 (accion_dispositivo -> ID FLECHA accion PARENTESIS_A expresion_opt PARENTESIS_B PUNTOCOMA .)
    HUB_TECHNIC_LARGE reduce using rule 75 (accion_dispositivo -> ID FLECHA accion PARENTESIS_A expresion_opt PARENTESIS_B PUNTOCOMA .)
    HUB_POWERED_UP  reduce using rule 75 (accion_dispositivo -> ID FLECHA accion PARENTESIS_A expresion_opt PARENTESIS_B PUNTOCOMA .)
    MOTOR_SERVO_GRANDE_EV3 reduce using rule 75 (accion_dispositivo -> ID FLECHA accion PARENTESIS_A expresion_opt PARENTESIS_B PUNTOCOMA .)
    MOTOR_SERVO_MEDIANO_EV3 reduce using rule 75 (accion_dispositivo -> ID FLECHA accion PARENTESIS_A expresion_opt PARENTESIS_B PUNTOCOMA .)
    SERVOMOTOR_NXT  reduce using rule 75 (accion_dispositivo -> ID FLECHA accion PARENTESIS_A expresion_opt PARENTESIS_B PUNTOCOMA .)
    MOTOR_ANGULAR_GRANDE reduce using rule 75 (accion_dispositivo -> ID FLECHA accion PARENTESIS_A expresion_opt PARENTESIS_B PUNTOCOMA .)
    MOTOR_ANGULAR_MEDIANO reduce using rule 75 (accion_dispositivo -> ID FLECHA accion PARENTESIS_A expresion_opt PARENTESIS_B PUNTOCOMA .)
    MOTOR_POWERED_UP_BOOST reduce using rule 75 (accion_dispositivo -> ID FLECHA accion PARENTESIS_A expresion_opt PARENTESIS_B PUNTOCOMA .)
    MOTOR_POWERED_UP reduce using rule 75 (accion_dispositivo -> ID FLECHA accion PARENTESIS_A expresion_opt PARENTESIS_B PUNTOCOMA .)
    MOTOR_BOOST     reduce using rule 75 (accion_dispositivo -> ID FLECHA accion PARENTESIS_A expresion_opt PARENTESIS_B PUNTOCOMA .)


state 190

    (30) si -> SI PARENTESIS_A expresion PARENTESIS_B bloque_codigo ID bloque_codigo .

    LLAVE_C         reduce using rule 30 (si -> SI PARENTESIS_A expresion PARENTESIS_B bloque_codigo ID bloque_codigo .)
    error           reduce using rule 30 (si -> SI PARENTESIS_A expresion PARENTESIS_B bloque_codigo ID bloque_codigo .)
    IMPRIMIR        reduce using rule 30 (si -> SI PARENTESIS_A expresion PARENTESIS_B bloque_codigo ID bloque_codigo .)
    RETRASO         reduce using rule 30 (si -> SI PARENTESIS_A expresion PARENTESIS_B bloque_codigo ID bloque_codigo .)
    ID              reduce using rule 30 (si -> SI PARENTESIS_A expresion PARENTESIS_B bloque_codigo ID bloque_codigo .)
    FUNC            reduce using rule 30 (si -> SI PARENTESIS_A expresion PARENTESIS_B bloque_codigo ID bloque_codigo .)
    ENTERO          reduce using rule 30 (si -> SI PARENTESIS_A expresion PARENTESIS_B bloque_codigo ID bloque_codigo .)
    REAL_TIPO       reduce using rule 30 (si -> SI PARENTESIS_A expresion PARENTESIS_B bloque_codigo ID bloque_codigo .)
    BOOLEANO        reduce using rule 30 (si -> SI PARENTESIS_A expresion PARENTESIS_B bloque_codigo ID bloque_codigo .)
    CADENA_TIPO     reduce using rule 30 (si -> SI PARENTESIS_A expresion PARENTESIS_B bloque_codigo ID bloque_codigo .)
    SI              reduce using rule 30 (si -> SI PARENTESIS_A expresion PARENTESIS_B bloque_codigo ID bloque_codigo .)
    MIENTRAS        reduce using rule 30 (si -> SI PARENTESIS_A expresion PARENTESIS_B bloque_codigo ID bloque_codigo .)
    PARA            reduce using rule 30 (si -> SI PARENTESIS_A expresion PARENTESIS_B bloque_codigo ID bloque_codigo .)
    ROMPER          reduce using rule 30 (si -> SI PARENTESIS_A expresion PARENTESIS_B bloque_codigo ID bloque_codigo .)
    SERVO           reduce using rule 30 (si -> SI PARENTESIS_A expresion PARENTESIS_B bloque_codigo ID bloque_codigo .)
    LED             reduce using rule 30 (si -> SI PARENTESIS_A expresion PARENTESIS_B bloque_codigo ID bloque_codigo .)
    MOTOR           reduce using rule 30 (si -> SI PARENTESIS_A expresion PARENTESIS_B bloque_codigo ID bloque_codigo .)
    SENSOR          reduce using rule 30 (si -> SI PARENTESIS_A expresion PARENTESIS_B bloque_codigo ID bloque_codigo .)
    BUZZER          reduce using rule 30 (si -> SI PARENTESIS_A expresion PARENTESIS_B bloque_codigo ID bloque_codigo .)
    SENSOR_ULTRASONICO reduce using rule 30 (si -> SI PARENTESIS_A expresion PARENTESIS_B bloque_codigo ID bloque_codigo .)
    SENSOR_COLOR    reduce using rule 30 (si -> SI PARENTESIS_A expresion PARENTESIS_B bloque_codigo ID bloque_codigo .)
    SENSOR_TOQUE    reduce using rule 30 (si -> SI PARENTESIS_A expresion PARENTESIS_B bloque_codigo ID bloque_codigo .)
    SENSOR_GIRO     reduce using rule 30 (si -> SI PARENTESIS_A expresion PARENTESIS_B bloque_codigo ID bloque_codigo .)
    RCX             reduce using rule 30 (si -> SI PARENTESIS_A expresion PARENTESIS_B bloque_codigo ID bloque_codigo .)
    NXT             reduce using rule 30 (si -> SI PARENTESIS_A expresion PARENTESIS_B bloque_codigo ID bloque_codigo .)
    EV3             reduce using rule 30 (si -> SI PARENTESIS_A expresion PARENTESIS_B bloque_codigo ID bloque_codigo .)
    HUB_SPIKE_PRIME reduce using rule 30 (si -> SI PARENTESIS_A expresion PARENTESIS_B bloque_codigo ID bloque_codigo .)
    HUB_SPIKE_ESSENTIAL reduce using rule 30 (si -> SI PARENTESIS_A expresion PARENTESIS_B bloque_codigo ID bloque_codigo .)
    HUB_ROBOT_INVENTOR reduce using rule 30 (si -> SI PARENTESIS_A expresion PARENTESIS_B bloque_codigo ID bloque_codigo .)
    HUB_TECHNIC_LARGE reduce using rule 30 (si -> SI PARENTESIS_A expresion PARENTESIS_B bloque_codigo ID bloque_codigo .)
    HUB_POWERED_UP  reduce using rule 30 (si -> SI PARENTESIS_A expresion PARENTESIS_B bloque_codigo ID bloque_codigo .)
    MOTOR_SERVO_GRANDE_EV3 reduce using rule 30 (si -> SI PARENTESIS_A expresion PARENTESIS_B bloque_codigo ID bloque_codigo .)
    MOTOR_SERVO_MEDIANO_EV3 reduce using rule 30 (si -> SI PARENTESIS_A expresion PARENTESIS_B bloque_codigo ID bloque_codigo .)
    SERVOMOTOR_NXT  reduce using rule 30 (si -> SI PARENTESIS_A expresion PARENTESIS_B bloque_codigo ID bloque_codigo .)
    MOTOR_ANGULAR_GRANDE reduce using rule 30 (si -> SI PARENTESIS_A expresion PARENTESIS_B bloque_codigo ID bloque_codigo .)
    MOTOR_ANGULAR_MEDIANO reduce using rule 30 (si -> SI PARENTESIS_A expresion PARENTESIS_B bloque_codigo ID bloque_codigo .)
    MOTOR_POWERED_UP_BOOST reduce using rule 30 (si -> SI PARENTESIS_A expresion PARENTESIS_B bloque_codigo ID bloque_codigo .)
    MOTOR_POWERED_UP reduce using rule 30 (si -> SI PARENTESIS_A expresion PARENTESIS_B bloque_codigo ID bloque_codigo .)
    MOTOR_BOOST     reduce using rule 30 (si -> SI PARENTESIS_A expresion PARENTESIS_B bloque_codigo ID bloque_codigo .)


state 191

    (32) para -> PARA PARENTESIS_A asignacion_para PUNTOCOMA expresion PUNTOCOMA actualizacion_para . PARENTESIS_B bloque_codigo

    PARENTESIS_B    shift and go to state 196


state 192

    (35) actualizacion_para -> ID . ASIGNACION expresion
    (36) actualizacion_para -> ID . MASMAS
    (37) actualizacion_para -> ID . MENOSMENOS

    ASIGNACION      shift and go to state 197
    MASMAS          shift and go to state 198
    MENOSMENOS      shift and go to state 199


state 193

    (72) lista_atributos -> lista_atributos COMA atributo .

    LLAVE_C         reduce using rule 72 (lista_atributos -> lista_atributos COMA atributo .)
    COMA            reduce using rule 72 (lista_atributos -> lista_atributos COMA atributo .)


state 194

    (74) atributo -> ID ASIGNACION expresion .
    (83) expresion -> expresion . op_binario expresion
    (97) op_binario -> . SUMA
    (98) op_binario -> . RESTA
    (99) op_binario -> . MULTIPLICACION
    (100) op_binario -> . DIVISION
    (101) op_binario -> . MODULO
    (102) op_binario -> . IGUAL
    (103) op_binario -> . DIFERENTE
    (104) op_binario -> . MENORQUE
    (105) op_binario -> . MAYORQUE
    (106) op_binario -> . MENORIGUAL
    (107) op_binario -> . MAYORIGUAL
    (108) op_binario -> . AND
    (109) op_binario -> . OR

    LLAVE_C         reduce using rule 74 (atributo -> ID ASIGNACION expresion .)
    COMA            reduce using rule 74 (atributo -> ID ASIGNACION expresion .)
    SUMA            shift and go to state 112
    RESTA           shift and go to state 113
    MULTIPLICACION  shift and go to state 114
    DIVISION        shift and go to state 115
    MODULO          shift and go to state 116
    IGUAL           shift and go to state 117
    DIFERENTE       shift and go to state 118
    MENORQUE        shift and go to state 119
    MAYORQUE        shift and go to state 120
    MENORIGUAL      shift and go to state 121
    MAYORIGUAL      shift and go to state 122
    AND             shift and go to state 123
    OR              shift and go to state 124

    op_binario                     shift and go to state 111

state 195

    (86) expresion -> ID FLECHA VALOR PARENTESIS_A expresion_opt PARENTESIS_B .

    PARENTESIS_B    reduce using rule 86 (expresion -> ID FLECHA VALOR PARENTESIS_A expresion_opt PARENTESIS_B .)
    SUMA            reduce using rule 86 (expresion -> ID FLECHA VALOR PARENTESIS_A expresion_opt PARENTESIS_B .)
    RESTA           reduce using rule 86 (expresion -> ID FLECHA VALOR PARENTESIS_A expresion_opt PARENTESIS_B .)
    MULTIPLICACION  reduce using rule 86 (expresion -> ID FLECHA VALOR PARENTESIS_A expresion_opt PARENTESIS_B .)
    DIVISION        reduce using rule 86 (expresion -> ID FLECHA VALOR PARENTESIS_A expresion_opt PARENTESIS_B .)
    MODULO          reduce using rule 86 (expresion -> ID FLECHA VALOR PARENTESIS_A expresion_opt PARENTESIS_B .)
    IGUAL           reduce using rule 86 (expresion -> ID FLECHA VALOR PARENTESIS_A expresion_opt PARENTESIS_B .)
    DIFERENTE       reduce using rule 86 (expresion -> ID FLECHA VALOR PARENTESIS_A expresion_opt PARENTESIS_B .)
    MENORQUE        reduce using rule 86 (expresion -> ID FLECHA VALOR PARENTESIS_A expresion_opt PARENTESIS_B .)
    MAYORQUE        reduce using rule 86 (expresion -> ID FLECHA VALOR PARENTESIS_A expresion_opt PARENTESIS_B .)
    MENORIGUAL      reduce using rule 86 (expresion -> ID FLECHA VALOR PARENTESIS_A expresion_opt PARENTESIS_B .)
    MAYORIGUAL      reduce using rule 86 (expresion -> ID FLECHA VALOR PARENTESIS_A expresion_opt PARENTESIS_B .)
    AND             reduce using rule 86 (expresion -> ID FLECHA VALOR PARENTESIS_A expresion_opt PARENTESIS_B .)
    OR              reduce using rule 86 (expresion -> ID FLECHA VALOR PARENTESIS_A expresion_opt PARENTESIS_B .)
    COMA            reduce using rule 86 (expresion -> ID FLECHA VALOR PARENTESIS_A expresion_opt PARENTESIS_B .)
    PUNTOCOMA       reduce using rule 86 (expresion -> ID FLECHA VALOR PARENTESIS_A expresion_opt PARENTESIS_B .)
    LLAVE_C         reduce using rule 86 (expresion -> ID FLECHA VALOR PARENTESIS_A expresion_opt PARENTESIS_B .)


state 196

    (32) para -> PARA PARENTESIS_A asignacion_para PUNTOCOMA expresion PUNTOCOMA actualizacion_para PARENTESIS_B . bloque_codigo
    (3) bloque_codigo -> . LLAVE_A lista_declaraciones LLAVE_C
    (4) bloque_codigo -> . LLAVE_A lista_declaraciones error

    LLAVE_A         shift and go to state 5

    bloque_codigo                  shift and go to state 200

state 197

    (35) actualizacion_para -> ID ASIGNACION . expresion
    (83) expresion -> . expresion op_binario expresion
    (84) expresion -> . op_unario expresion
    (85) expresion -> . PARENTESIS_A expresion PARENTESIS_B
    (86) expresion -> . ID FLECHA VALOR PARENTESIS_A expresion_opt PARENTESIS_B
    (87) expresion -> . ID
    (88) expresion -> . ID CORCHETE_A NUMERO CORCHETE_B
    (89) expresion -> . NUMERO
    (90) expresion -> . REAL
    (91) expresion -> . CADENA_TEXTO
    (92) expresion -> . TRUE
    (93) expresion -> . FALSE
    (110) op_unario -> . NOT
    (111) op_unario -> . RESTA

    PARENTESIS_A    shift and go to state 77
    ID              shift and go to state 80
    NUMERO          shift and go to state 81
    REAL            shift and go to state 82
    CADENA_TEXTO    shift and go to state 83
    TRUE            shift and go to state 84
    FALSE           shift and go to state 85
    NOT             shift and go to state 86
    RESTA           shift and go to state 87

    expresion                      shift and go to state 201
    op_unario                      shift and go to state 79

state 198

    (36) actualizacion_para -> ID MASMAS .

    PARENTESIS_B    reduce using rule 36 (actualizacion_para -> ID MASMAS .)


state 199

    (37) actualizacion_para -> ID MENOSMENOS .

    PARENTESIS_B    reduce using rule 37 (actualizacion_para -> ID MENOSMENOS .)


state 200

    (32) para -> PARA PARENTESIS_A asignacion_para PUNTOCOMA expresion PUNTOCOMA actualizacion_para PARENTESIS_B bloque_codigo .

    LLAVE_C         reduce using rule 32 (para -> PARA PARENTESIS_A asignacion_para PUNTOCOMA expresion PUNTOCOMA actualizacion_para PARENTESIS_B bloque_codigo .)
    error           reduce using rule 32 (para -> PARA PARENTESIS_A asignacion_para PUNTOCOMA expresion PUNTOCOMA actualizacion_para PARENTESIS_B bloque_codigo .)
    IMPRIMIR        reduce using rule 32 (para -> PARA PARENTESIS_A asignacion_para PUNTOCOMA expresion PUNTOCOMA actualizacion_para PARENTESIS_B bloque_codigo .)
    RETRASO         reduce using rule 32 (para -> PARA PARENTESIS_A asignacion_para PUNTOCOMA expresion PUNTOCOMA actualizacion_para PARENTESIS_B bloque_codigo .)
    ID              reduce using rule 32 (para -> PARA PARENTESIS_A asignacion_para PUNTOCOMA expresion PUNTOCOMA actualizacion_para PARENTESIS_B bloque_codigo .)
    FUNC            reduce using rule 32 (para -> PARA PARENTESIS_A asignacion_para PUNTOCOMA expresion PUNTOCOMA actualizacion_para PARENTESIS_B bloque_codigo .)
    ENTERO          reduce using rule 32 (para -> PARA PARENTESIS_A asignacion_para PUNTOCOMA expresion PUNTOCOMA actualizacion_para PARENTESIS_B bloque_codigo .)
    REAL_TIPO       reduce using rule 32 (para -> PARA PARENTESIS_A asignacion_para PUNTOCOMA expresion PUNTOCOMA actualizacion_para PARENTESIS_B bloque_codigo .)
    BOOLEANO        reduce using rule 32 (para -> PARA PARENTESIS_A asignacion_para PUNTOCOMA expresion PUNTOCOMA actualizacion_para PARENTESIS_B bloque_codigo .)
    CADENA_TIPO     reduce using rule 32 (para -> PARA PARENTESIS_A asignacion_para PUNTOCOMA expresion PUNTOCOMA actualizacion_para PARENTESIS_B bloque_codigo .)
    SI              reduce using rule 32 (para -> PARA PARENTESIS_A asignacion_para PUNTOCOMA expresion PUNTOCOMA actualizacion_para PARENTESIS_B bloque_codigo .)
    MIENTRAS        reduce using rule 32 (para -> PARA PARENTESIS_A asignacion_para PUNTOCOMA expresion PUNTOCOMA actualizacion_para PARENTESIS_B bloque_codigo .)
    PARA            reduce using rule 32 (para -> PARA PARENTESIS_A asignacion_para PUNTOCOMA expresion PUNTOCOMA actualizacion_para PARENTESIS_B bloque_codigo .)
    ROMPER          reduce using rule 32 (para -> PARA PARENTESIS_A asignacion_para PUNTOCOMA expresion PUNTOCOMA actualizacion_para PARENTESIS_B bloque_codigo .)
    SERVO           reduce using rule 32 (para -> PARA PARENTESIS_A asignacion_para PUNTOCOMA expresion PUNTOCOMA actualizacion_para PARENTESIS_B bloque_codigo .)
    LED             reduce using rule 32 (para -> PARA PARENTESIS_A asignacion_para PUNTOCOMA expresion PUNTOCOMA actualizacion_para PARENTESIS_B bloque_codigo .)
    MOTOR           reduce using rule 32 (para -> PARA PARENTESIS_A asignacion_para PUNTOCOMA expresion PUNTOCOMA actualizacion_para PARENTESIS_B bloque_codigo .)
    SENSOR          reduce using rule 32 (para -> PARA PARENTESIS_A asignacion_para PUNTOCOMA expresion PUNTOCOMA actualizacion_para PARENTESIS_B bloque_codigo .)
    BUZZER          reduce using rule 32 (para -> PARA PARENTESIS_A asignacion_para PUNTOCOMA expresion PUNTOCOMA actualizacion_para PARENTESIS_B bloque_codigo .)
    SENSOR_ULTRASONICO reduce using rule 32 (para -> PARA PARENTESIS_A asignacion_para PUNTOCOMA expresion PUNTOCOMA actualizacion_para PARENTESIS_B bloque_codigo .)
    SENSOR_COLOR    reduce using rule 32 (para -> PARA PARENTESIS_A asignacion_para PUNTOCOMA expresion PUNTOCOMA actualizacion_para PARENTESIS_B bloque_codigo .)
    SENSOR_TOQUE    reduce using rule 32 (para -> PARA PARENTESIS_A asignacion_para PUNTOCOMA expresion PUNTOCOMA actualizacion_para PARENTESIS_B bloque_codigo .)
    SENSOR_GIRO     reduce using rule 32 (para -> PARA PARENTESIS_A asignacion_para PUNTOCOMA expresion PUNTOCOMA actualizacion_para PARENTESIS_B bloque_codigo .)
    RCX             reduce using rule 32 (para -> PARA PARENTESIS_A asignacion_para PUNTOCOMA expresion PUNTOCOMA actualizacion_para PARENTESIS_B bloque_codigo .)
    NXT             reduce using rule 32 (para -> PARA PARENTESIS_A asignacion_para PUNTOCOMA expresion PUNTOCOMA actualizacion_para PARENTESIS_B bloque_codigo .)
    EV3             reduce using rule 32 (para -> PARA PARENTESIS_A asignacion_para PUNTOCOMA expresion PUNTOCOMA actualizacion_para PARENTESIS_B bloque_codigo .)
    HUB_SPIKE_PRIME reduce using rule 32 (para -> PARA PARENTESIS_A asignacion_para PUNTOCOMA expresion PUNTOCOMA actualizacion_para PARENTESIS_B bloque_codigo .)
    HUB_SPIKE_ESSENTIAL reduce using rule 32 (para -> PARA PARENTESIS_A asignacion_para PUNTOCOMA expresion PUNTOCOMA actualizacion_para PARENTESIS_B bloque_codigo .)
    HUB_ROBOT_INVENTOR reduce using rule 32 (para -> PARA PARENTESIS_A asignacion_para PUNTOCOMA expresion PUNTOCOMA actualizacion_para PARENTESIS_B bloque_codigo .)
    HUB_TECHNIC_LARGE reduce using rule 32 (para -> PARA PARENTESIS_A asignacion_para PUNTOCOMA expresion PUNTOCOMA actualizacion_para PARENTESIS_B bloque_codigo .)
    HUB_POWERED_UP  reduce using rule 32 (para -> PARA PARENTESIS_A asignacion_para PUNTOCOMA expresion PUNTOCOMA actualizacion_para PARENTESIS_B bloque_codigo .)
    MOTOR_SERVO_GRANDE_EV3 reduce using rule 32 (para -> PARA PARENTESIS_A asignacion_para PUNTOCOMA expresion PUNTOCOMA actualizacion_para PARENTESIS_B bloque_codigo .)
    MOTOR_SERVO_MEDIANO_EV3 reduce using rule 32 (para -> PARA PARENTESIS_A asignacion_para PUNTOCOMA expresion PUNTOCOMA actualizacion_para PARENTESIS_B bloque_codigo .)
    SERVOMOTOR_NXT  reduce using rule 32 (para -> PARA PARENTESIS_A asignacion_para PUNTOCOMA expresion PUNTOCOMA actualizacion_para PARENTESIS_B bloque_codigo .)
    MOTOR_ANGULAR_GRANDE reduce using rule 32 (para -> PARA PARENTESIS_A asignacion_para PUNTOCOMA expresion PUNTOCOMA actualizacion_para PARENTESIS_B bloque_codigo .)
    MOTOR_ANGULAR_MEDIANO reduce using rule 32 (para -> PARA PARENTESIS_A asignacion_para PUNTOCOMA expresion PUNTOCOMA actualizacion_para PARENTESIS_B bloque_codigo .)
    MOTOR_POWERED_UP_BOOST reduce using rule 32 (para -> PARA PARENTESIS_A asignacion_para PUNTOCOMA expresion PUNTOCOMA actualizacion_para PARENTESIS_B bloque_codigo .)
    MOTOR_POWERED_UP reduce using rule 32 (para -> PARA PARENTESIS_A asignacion_para PUNTOCOMA expresion PUNTOCOMA actualizacion_para PARENTESIS_B bloque_codigo .)
    MOTOR_BOOST     reduce using rule 32 (para -> PARA PARENTESIS_A asignacion_para PUNTOCOMA expresion PUNTOCOMA actualizacion_para PARENTESIS_B bloque_codigo .)


state 201

    (35) actualizacion_para -> ID ASIGNACION expresion .
    (83) expresion -> expresion . op_binario expresion
    (97) op_binario -> . SUMA
    (98) op_binario -> . RESTA
    (99) op_binario -> . MULTIPLICACION
    (100) op_binario -> . DIVISION
    (101) op_binario -> . MODULO
    (102) op_binario -> . IGUAL
    (103) op_binario -> . DIFERENTE
    (104) op_binario -> . MENORQUE
    (105) op_binario -> . MAYORQUE
    (106) op_binario -> . MENORIGUAL
    (107) op_binario -> . MAYORIGUAL
    (108) op_binario -> . AND
    (109) op_binario -> . OR

    PARENTESIS_B    reduce using rule 35 (actualizacion_para -> ID ASIGNACION expresion .)
    SUMA            shift and go to state 112
    RESTA           shift and go to state 113
    MULTIPLICACION  shift and go to state 114
    DIVISION        shift and go to state 115
    MODULO          shift and go to state 116
    IGUAL           shift and go to state 117
    DIFERENTE       shift and go to state 118
    MENORQUE        shift and go to state 119
    MAYORQUE        shift and go to state 120
    MENORIGUAL      shift and go to state 121
    MAYORIGUAL      shift and go to state 122
    AND             shift and go to state 123
    OR              shift and go to state 124

    op_binario                     shift and go to state 111
WARNING: 
WARNING: Conflicts:
WARNING: 
WARNING: shift/reduce conflict for SUMA in state 125 resolved as shift
WARNING: shift/reduce conflict for RESTA in state 125 resolved as shift
WARNING: shift/reduce conflict for MULTIPLICACION in state 125 resolved as shift
WARNING: shift/reduce conflict for DIVISION in state 125 resolved as shift
WARNING: shift/reduce conflict for MODULO in state 125 resolved as shift
WARNING: shift/reduce conflict for IGUAL in state 125 resolved as shift
WARNING: shift/reduce conflict for DIFERENTE in state 125 resolved as shift
WARNING: shift/reduce conflict for MENORQUE in state 125 resolved as shift
WARNING: shift/reduce conflict for MAYORQUE in state 125 resolved as shift
WARNING: shift/reduce conflict for MENORIGUAL in state 125 resolved as shift
WARNING: shift/reduce conflict for MAYORIGUAL in state 125 resolved as shift
WARNING: shift/reduce conflict for AND in state 125 resolved as shift
WARNING: shift/reduce conflict for OR in state 125 resolved as shift
WARNING: shift/reduce conflict for SUMA in state 149 resolved as shift
WARNING: shift/reduce conflict for RESTA in state 149 resolved as shift
WARNING: shift/reduce conflict for MULTIPLICACION in state 149 resolved as shift
WARNING: shift/reduce conflict for DIVISION in state 149 resolved as shift
WARNING: shift/reduce conflict for MODULO in state 149 resolved as shift
WARNING: shift/reduce conflict for IGUAL in state 149 resolved as shift
WARNING: shift/reduce conflict for DIFERENTE in state 149 resolved as shift
WARNING: shift/reduce conflict for MENORQUE in state 149 resolved as shift
WARNING: shift/reduce conflict for MAYORQUE in state 149 resolved as shift
WARNING: shift/reduce conflict for MENORIGUAL in state 149 resolved as shift
WARNING: shift/reduce conflict for MAYORIGUAL in state 149 resolved as shift
WARNING: shift/reduce conflict for AND in state 149 resolved as shift
WARNING: shift/reduce conflict for OR in state 149 resolved as shift
WARNING: shift/reduce conflict for ID in state 165 resolved as shift
